CountryCode,Game,Genre,GameTitle,Country_Name,Two_Letter_Country_Code,TotalPlayers,CSGOPlayers,DotaPlayers,LOLPlayers,FortnitePlayers,OverwatchPlayers,StarcraftPlayers,HeroesPlayers,PUBGPlayers,ArenaPlayers,HearthstonePlayers
dk,Counter-Strike: Global Offensive,First-Person Shooter,Counter-Strike: Global Offensive,Argentina,AR,3,0,0,0,1,0,0,0,0,0,2
dk,Counter-Strike: Global Offensive,First-Person Shooter,Dota 2,Australia,AU,5,0,2,0,0,1,0,1,1,0,0
dk,Counter-Strike: Global Offensive,First-Person Shooter,League of Legends,Austria,AT,3,0,0,0,3,0,0,0,0,0,0
dk,Counter-Strike: Global Offensive,First-Person Shooter,Fortnite,Belgium,BE,5,1,0,1,3,0,0,0,0,0,0
dk,Counter-Strike: Global Offensive,First-Person Shooter,Overwatch,Bosnia and Herzegovina,BA,1,1,0,0,0,0,0,0,0,0,0
us,Counter-Strike: Global Offensive,First-Person Shooter,Starcraft II,Brazil,BR,10,8,0,0,0,1,1,0,0,0,0
br,Counter-Strike: Global Offensive,First-Person Shooter,Heroes of the Storm,Bulgaria,BG,6,2,1,1,0,0,0,2,0,0,0
br,Counter-Strike: Global Offensive,First-Person Shooter,PUBG,Belarus,BY,2,0,1,0,1,0,0,0,0,0,0
br,Counter-Strike: Global Offensive,First-Person Shooter,Arena of Valor,Canada,CA,37,4,4,1,6,3,3,4,4,0,8
br,Counter-Strike: Global Offensive,First-Person Shooter,Hearthstone,China,CN,168,1,39,22,0,2,8,18,26,36,16
ca,Counter-Strike: Global Offensive,First-Person Shooter,,Taiwan,TW,34,0,0,8,0,0,2,2,0,18,4
dk,Counter-Strike: Global Offensive,First-Person Shooter,,Croatia,HR,2,0,0,1,0,0,0,1,0,0,0
us,Counter-Strike: Global Offensive,First-Person Shooter,,Cuba,CU,1,0,0,0,0,0,0,0,1,0,0
us,Counter-Strike: Global Offensive,First-Person Shooter,,Czech Republic,CZ,3,1,0,0,0,0,0,0,0,0,2
se,Counter-Strike: Global Offensive,First-Person Shooter,,Denmark,DK,36,12,4,7,4,0,1,3,3,0,2
se,Counter-Strike: Global Offensive,First-Person Shooter,,Estonia,EE,2,1,1,0,0,0,0,0,0,0,0
se,Counter-Strike: Global Offensive,First-Person Shooter,,Finland,FI,16,3,3,0,1,4,1,0,3,0,1
se,Counter-Strike: Global Offensive,First-Person Shooter,,France,FR,37,12,1,2,7,4,4,2,2,0,3
ca,Counter-Strike: Global Offensive,First-Person Shooter,,Germany,DE,30,1,2,0,4,0,5,7,2,0,9
fr,Counter-Strike: Global Offensive,First-Person Shooter,,Gibraltar,GI,1,0,0,0,0,0,0,0,1,0,0
fr,Counter-Strike: Global Offensive,First-Person Shooter,,Greece,GR,1,0,0,0,0,0,0,0,0,0,1
sk,Counter-Strike: Global Offensive,First-Person Shooter,,Hong Kong,HK,5,0,0,1,1,0,0,0,0,0,3
us,Counter-Strike: Global Offensive,First-Person Shooter,,Ireland,IE,1,0,0,0,0,0,0,0,1,0,0
no,Counter-Strike: Global Offensive,First-Person Shooter,,Israel,IL,2,0,1,0,0,1,0,0,0,0,0
ba,Counter-Strike: Global Offensive,First-Person Shooter,,Italy,IT,2,0,0,0,0,0,1,0,0,0,1
ru,Counter-Strike: Global Offensive,First-Person Shooter,,Japan,JP,4,0,0,0,0,1,0,0,0,0,3
fr,Counter-Strike: Global Offensive,First-Person Shooter,,Kazakhstan,KZ,6,5,0,0,0,0,0,0,0,0,1
ua,Counter-Strike: Global Offensive,First-Person Shooter,,Jordan,JO,2,0,2,0,0,0,0,0,0,0,0
ua,Counter-Strike: Global Offensive,First-Person Shooter,,Korea,KR,251,0,3,47,1,69,61,28,25,10,7
fr,Counter-Strike: Global Offensive,First-Person Shooter,,Lebanon,LB,1,0,1,0,0,0,0,0,0,0,0
pl,Counter-Strike: Global Offensive,First-Person Shooter,,Latvia,LV,1,0,0,0,1,0,0,0,0,0,0
dk,Counter-Strike: Global Offensive,First-Person Shooter,,Lithuania,LT,2,0,0,0,1,0,0,0,1,0,0
ua,Counter-Strike: Global Offensive,First-Person Shooter,,Macao,MO,1,0,1,0,0,0,0,0,0,0,0
pl,Counter-Strike: Global Offensive,First-Person Shooter,,Malaysia,MY,6,0,5,0,0,0,0,0,0,1,0
nl,Counter-Strike: Global Offensive,First-Person Shooter,,Mexico,MX,1,0,0,0,0,0,1,0,0,0,0
pl,Counter-Strike: Global Offensive,First-Person Shooter,,Netherlands,NL,10,1,0,0,3,0,2,0,1,0,3
us,Counter-Strike: Global Offensive,First-Person Shooter,,Norway,NO,10,1,0,0,4,0,1,1,2,0,1
pl,Counter-Strike: Global Offensive,First-Person Shooter,,Pakistan,PK,1,0,1,0,0,0,0,0,0,0,0
pl,Counter-Strike: Global Offensive,First-Person Shooter,,Philippines,PH,7,0,4,1,0,0,0,0,1,0,1
se,Counter-Strike: Global Offensive,First-Person Shooter,,Poland,PL,14,7,1,1,0,0,3,1,0,0,1
ru,Counter-Strike: Global Offensive,First-Person Shooter,,Romania,RO,2,0,1,0,0,0,0,0,0,0,1
se,Counter-Strike: Global Offensive,First-Person Shooter,,Russian Federation,RU,22,5,4,0,3,1,0,0,6,0,3
se,Counter-Strike: Global Offensive,First-Person Shooter,,Singapore,SG,1,0,1,0,0,0,0,0,0,0,0
ee,Counter-Strike: Global Offensive,First-Person Shooter,,Slovakia,SK,3,3,0,0,0,0,0,0,0,0,0
fr,Counter-Strike: Global Offensive,First-Person Shooter,,Vietnam,VN,7,0,0,0,0,0,0,0,1,6,0
fr,Counter-Strike: Global Offensive,First-Person Shooter,,Slovenia,SI,4,0,0,1,2,0,0,1,0,0,0
ca,Counter-Strike: Global Offensive,First-Person Shooter,,Spain,ES,6,1,0,2,0,2,1,0,0,0,0
se,Counter-Strike: Global Offensive,First-Person Shooter,,Sweden,SE,45,13,7,2,5,3,3,7,2,0,3
us,Counter-Strike: Global Offensive,First-Person Shooter,,Switzerland,CH,3,0,0,0,3,0,0,0,0,0,0
se,Counter-Strike: Global Offensive,First-Person Shooter,,Thailand,TH,29,0,0,0,0,0,0,0,1,28,0
us,Counter-Strike: Global Offensive,First-Person Shooter,,Turkey,TR,4,2,0,0,0,0,0,0,1,0,1
fi,Counter-Strike: Global Offensive,First-Person Shooter,,Turkey,TR,4,2,0,0,0,0,0,0,1,0,1
dk,Counter-Strike: Global Offensive,First-Person Shooter,,Ukraine,UA,12,3,5,0,0,0,1,0,0,0,3
kz,Counter-Strike: Global Offensive,First-Person Shooter,,Macedonia,MK,1,0,1,0,0,0,0,0,0,0,0
se,Counter-Strike: Global Offensive,First-Person Shooter,,United Kingdom,GB,16,1,0,0,5,3,0,3,2,0,2
dk,Counter-Strike: Global Offensive,First-Person Shooter,,United States of America,US,114,10,4,2,41,5,1,19,13,1,18
us,Counter-Strike: Global Offensive,First-Person Shooter,,Uzbekistan,UZ,1,1,0,0,0,0,0,0,0,0,0
us,Counter-Strike: Global Offensive,First-Person Shooter,,,,,,,,,,,,,,
br,Counter-Strike: Global Offensive,First-Person Shooter,,,,,,,,,,,,,,
br,Counter-Strike: Global Offensive,First-Person Shooter,,,,,,,,,,,,,,
fr,Counter-Strike: Global Offensive,First-Person Shooter,,,,,,,,,,,,,,
bg,Counter-Strike: Global Offensive,First-Person Shooter,,,,,,,,,,,,,,
se,Counter-Strike: Global Offensive,First-Person Shooter,,,,,,,,,,,,,,
dk,Counter-Strike: Global Offensive,First-Person Shooter,,,,,,,,,,,,,,
ru,Counter-Strike: Global Offensive,First-Person Shooter,,,,,,,,,,,,,,
cz,Counter-Strike: Global Offensive,First-Person Shooter,,,,,,,,,,,,,,
fr,Counter-Strike: Global Offensive,First-Person Shooter,,,,,,,,,,,,,,
dk,Counter-Strike: Global Offensive,First-Person Shooter,,,,,,,,,,,,,,
fi,Counter-Strike: Global Offensive,First-Person Shooter,,,,,,,,,,,,,,
dk,Counter-Strike: Global Offensive,First-Person Shooter,,,,,,,,,,,,,,
br,Counter-Strike: Global Offensive,First-Person Shooter,,,,,,,,,,,,,,
ru,Counter-Strike: Global Offensive,First-Person Shooter,,,,,,,,,,,,,,
tr,Counter-Strike: Global Offensive,First-Person Shooter,,,,,,,,,,,,,,
fr,Counter-Strike: Global Offensive,First-Person Shooter,,,,,,,,,,,,,,
sk,Counter-Strike: Global Offensive,First-Person Shooter,,,,,,,,,,,,,,
tr,Counter-Strike: Global Offensive,First-Person Shooter,,,,,,,,,,,,,,
se,Counter-Strike: Global Offensive,First-Person Shooter,,,,,,,,,,,,,,
fi,Counter-Strike: Global Offensive,First-Person Shooter,,,,,,,,,,,,,,
kz,Counter-Strike: Global Offensive,First-Person Shooter,,,,,,,,,,,,,,
kz,Counter-Strike: Global Offensive,First-Person Shooter,,,,,,,,,,,,,,
kz,Counter-Strike: Global Offensive,First-Person Shooter,,,,,,,,,,,,,,
ru,Counter-Strike: Global Offensive,First-Person Shooter,,,,,,,,,,,,,,
fr,Counter-Strike: Global Offensive,First-Person Shooter,,,,,,,,,,,,,,
kz,Counter-Strike: Global Offensive,First-Person Shooter,,,,,,,,,,,,,,
fr,Counter-Strike: Global Offensive,First-Person Shooter,,,,,,,,,,,,,,
sk,Counter-Strike: Global Offensive,First-Person Shooter,,,,,,,,,,,,,,
bg,Counter-Strike: Global Offensive,First-Person Shooter,,,,,,,,,,,,,,
ca,Counter-Strike: Global Offensive,First-Person Shooter,,,,,,,,,,,,,,
se,Counter-Strike: Global Offensive,First-Person Shooter,,,,,,,,,,,,,,
br,Counter-Strike: Global Offensive,First-Person Shooter,,,,,,,,,,,,,,
be,Counter-Strike: Global Offensive,First-Person Shooter,,,,,,,,,,,,,,
es,Counter-Strike: Global Offensive,First-Person Shooter,,,,,,,,,,,,,,
de,Counter-Strike: Global Offensive,First-Person Shooter,,,,,,,,,,,,,,
gb,Counter-Strike: Global Offensive,First-Person Shooter,,,,,,,,,,,,,,
pl,Counter-Strike: Global Offensive,First-Person Shooter,,,,,,,,,,,,,,
cn,Counter-Strike: Global Offensive,First-Person Shooter,,,,,,,,,,,,,,
us,Counter-Strike: Global Offensive,First-Person Shooter,,,,,,,,,,,,,,
pl,Counter-Strike: Global Offensive,First-Person Shooter,,,,,,,,,,,,,,
fr,Counter-Strike: Global Offensive,First-Person Shooter,,,,,,,,,,,,,,
uz,Counter-Strike: Global Offensive,First-Person Shooter,,,,,,,,,,,,,,
dk,Dota 2,Multiplayer Online Battle Arena,,,,,,,,,,,,,,
fi,Dota 2,Multiplayer Online Battle Arena,,,,,,,,,,,,,,
au,Dota 2,Multiplayer Online Battle Arena,,,,,,,,,,,,,,
fr,Dota 2,Multiplayer Online Battle Arena,,,,,,,,,,,,,,
fi,Dota 2,Multiplayer Online Battle Arena,,,,,,,,,,,,,,
de,Dota 2,Multiplayer Online Battle Arena,,,,,,,,,,,,,,
jo,Dota 2,Multiplayer Online Battle Arena,,,,,,,,,,,,,,
bg,Dota 2,Multiplayer Online Battle Arena,,,,,,,,,,,,,,
lb,Dota 2,Multiplayer Online Battle Arena,,,,,,,,,,,,,,
fi,Dota 2,Multiplayer Online Battle Arena,,,,,,,,,,,,,,
pk,Dota 2,Multiplayer Online Battle Arena,,,,,,,,,,,,,,
us,Dota 2,Multiplayer Online Battle Arena,,,,,,,,,,,,,,
us,Dota 2,Multiplayer Online Battle Arena,,,,,,,,,,,,,,
cn,Dota 2,Multiplayer Online Battle Arena,,,,,,,,,,,,,,
cn,Dota 2,Multiplayer Online Battle Arena,,,,,,,,,,,,,,
ee,Dota 2,Multiplayer Online Battle Arena,,,,,,,,,,,,,,
us,Dota 2,Multiplayer Online Battle Arena,,,,,,,,,,,,,,
se,Dota 2,Multiplayer Online Battle Arena,,,,,,,,,,,,,,
se,Dota 2,Multiplayer Online Battle Arena,,,,,,,,,,,,,,
il,Dota 2,Multiplayer Online Battle Arena,,,,,,,,,,,,,,
ro,Dota 2,Multiplayer Online Battle Arena,,,,,,,,,,,,,,
ca,Dota 2,Multiplayer Online Battle Arena,,,,,,,,,,,,,,
cn,Dota 2,Multiplayer Online Battle Arena,,,,,,,,,,,,,,
cn,Dota 2,Multiplayer Online Battle Arena,,,,,,,,,,,,,,
cn,Dota 2,Multiplayer Online Battle Arena,,,,,,,,,,,,,,
dk,Dota 2,Multiplayer Online Battle Arena,,,,,,,,,,,,,,
ca,Dota 2,Multiplayer Online Battle Arena,,,,,,,,,,,,,,
cn,Dota 2,Multiplayer Online Battle Arena,,,,,,,,,,,,,,
cn,Dota 2,Multiplayer Online Battle Arena,,,,,,,,,,,,,,
cn,Dota 2,Multiplayer Online Battle Arena,,,,,,,,,,,,,,
my,Dota 2,Multiplayer Online Battle Arena,,,,,,,,,,,,,,
cn,Dota 2,Multiplayer Online Battle Arena,,,,,,,,,,,,,,
cn,Dota 2,Multiplayer Online Battle Arena,,,,,,,,,,,,,,
au,Dota 2,Multiplayer Online Battle Arena,,,,,,,,,,,,,,
ru,Dota 2,Multiplayer Online Battle Arena,,,,,,,,,,,,,,
cn,Dota 2,Multiplayer Online Battle Arena,,,,,,,,,,,,,,
my,Dota 2,Multiplayer Online Battle Arena,,,,,,,,,,,,,,
ru,Dota 2,Multiplayer Online Battle Arena,,,,,,,,,,,,,,
cn,Dota 2,Multiplayer Online Battle Arena,,,,,,,,,,,,,,
cn,Dota 2,Multiplayer Online Battle Arena,,,,,,,,,,,,,,
ru,Dota 2,Multiplayer Online Battle Arena,,,,,,,,,,,,,,
ua,Dota 2,Multiplayer Online Battle Arena,,,,,,,,,,,,,,
cn,Dota 2,Multiplayer Online Battle Arena,,,,,,,,,,,,,,
sg,Dota 2,Multiplayer Online Battle Arena,,,,,,,,,,,,,,
jo,Dota 2,Multiplayer Online Battle Arena,,,,,,,,,,,,,,
dk,Dota 2,Multiplayer Online Battle Arena,,,,,,,,,,,,,,
ua,Dota 2,Multiplayer Online Battle Arena,,,,,,,,,,,,,,
cn,Dota 2,Multiplayer Online Battle Arena,,,,,,,,,,,,,,
cn,Dota 2,Multiplayer Online Battle Arena,,,,,,,,,,,,,,
cn,Dota 2,Multiplayer Online Battle Arena,,,,,,,,,,,,,,
mo,Dota 2,Multiplayer Online Battle Arena,,,,,,,,,,,,,,
ru,Dota 2,Multiplayer Online Battle Arena,,,,,,,,,,,,,,
de,Dota 2,Multiplayer Online Battle Arena,,,,,,,,,,,,,,
cn,Dota 2,Multiplayer Online Battle Arena,,,,,,,,,,,,,,
cn,Dota 2,Multiplayer Online Battle Arena,,,,,,,,,,,,,,
cn,Dota 2,Multiplayer Online Battle Arena,,,,,,,,,,,,,,
cn,Dota 2,Multiplayer Online Battle Arena,,,,,,,,,,,,,,
cn,Dota 2,Multiplayer Online Battle Arena,,,,,,,,,,,,,,
cn,Dota 2,Multiplayer Online Battle Arena,,,,,,,,,,,,,,
cn,Dota 2,Multiplayer Online Battle Arena,,,,,,,,,,,,,,
cn,Dota 2,Multiplayer Online Battle Arena,,,,,,,,,,,,,,
cn,Dota 2,Multiplayer Online Battle Arena,,,,,,,,,,,,,,
mk,Dota 2,Multiplayer Online Battle Arena,,,,,,,,,,,,,,
my,Dota 2,Multiplayer Online Battle Arena,,,,,,,,,,,,,,
cn,Dota 2,Multiplayer Online Battle Arena,,,,,,,,,,,,,,
se,Dota 2,Multiplayer Online Battle Arena,,,,,,,,,,,,,,
ca,Dota 2,Multiplayer Online Battle Arena,,,,,,,,,,,,,,
pl,Dota 2,Multiplayer Online Battle Arena,,,,,,,,,,,,,,
ua,Dota 2,Multiplayer Online Battle Arena,,,,,,,,,,,,,,
cn,Dota 2,Multiplayer Online Battle Arena,,,,,,,,,,,,,,
cn,Dota 2,Multiplayer Online Battle Arena,,,,,,,,,,,,,,
ca,Dota 2,Multiplayer Online Battle Arena,,,,,,,,,,,,,,
cn,Dota 2,Multiplayer Online Battle Arena,,,,,,,,,,,,,,
us,Dota 2,Multiplayer Online Battle Arena,,,,,,,,,,,,,,
cn,Dota 2,Multiplayer Online Battle Arena,,,,,,,,,,,,,,
cn,Dota 2,Multiplayer Online Battle Arena,,,,,,,,,,,,,,
ua,Dota 2,Multiplayer Online Battle Arena,,,,,,,,,,,,,,
ph,Dota 2,Multiplayer Online Battle Arena,,,,,,,,,,,,,,
my,Dota 2,Multiplayer Online Battle Arena,,,,,,,,,,,,,,
cn,Dota 2,Multiplayer Online Battle Arena,,,,,,,,,,,,,,
ph,Dota 2,Multiplayer Online Battle Arena,,,,,,,,,,,,,,
dk,Dota 2,Multiplayer Online Battle Arena,,,,,,,,,,,,,,
my,Dota 2,Multiplayer Online Battle Arena,,,,,,,,,,,,,,
ph,Dota 2,Multiplayer Online Battle Arena,,,,,,,,,,,,,,
cn,Dota 2,Multiplayer Online Battle Arena,,,,,,,,,,,,,,
se,Dota 2,Multiplayer Online Battle Arena,,,,,,,,,,,,,,
cn,Dota 2,Multiplayer Online Battle Arena,,,,,,,,,,,,,,
se,Dota 2,Multiplayer Online Battle Arena,,,,,,,,,,,,,,
ua,Dota 2,Multiplayer Online Battle Arena,,,,,,,,,,,,,,
cn,Dota 2,Multiplayer Online Battle Arena,,,,,,,,,,,,,,
se,Dota 2,Multiplayer Online Battle Arena,,,,,,,,,,,,,,
cn,Dota 2,Multiplayer Online Battle Arena,,,,,,,,,,,,,,
se,Dota 2,Multiplayer Online Battle Arena,,,,,,,,,,,,,,
ph,Dota 2,Multiplayer Online Battle Arena,,,,,,,,,,,,,,
kr,Dota 2,Multiplayer Online Battle Arena,,,,,,,,,,,,,,
cn,Dota 2,Multiplayer Online Battle Arena,,,,,,,,,,,,,,
cn,Dota 2,Multiplayer Online Battle Arena,,,,,,,,,,,,,,
kr,Dota 2,Multiplayer Online Battle Arena,,,,,,,,,,,,,,
by,Dota 2,Multiplayer Online Battle Arena,,,,,,,,,,,,,,
kr,Dota 2,Multiplayer Online Battle Arena,,,,,,,,,,,,,,
kr,League of Legends,Multiplayer Online Battle Arena,,,,,,,,,,,,,,
kr,League of Legends,Multiplayer Online Battle Arena,,,,,,,,,,,,,,
kr,League of Legends,Multiplayer Online Battle Arena,,,,,,,,,,,,,,
kr,League of Legends,Multiplayer Online Battle Arena,,,,,,,,,,,,,,
kr,League of Legends,Multiplayer Online Battle Arena,,,,,,,,,,,,,,
cn,League of Legends,Multiplayer Online Battle Arena,,,,,,,,,,,,,,
kr,League of Legends,Multiplayer Online Battle Arena,,,,,,,,,,,,,,
cn,League of Legends,Multiplayer Online Battle Arena,,,,,,,,,,,,,,
kr,League of Legends,Multiplayer Online Battle Arena,,,,,,,,,,,,,,
kr,League of Legends,Multiplayer Online Battle Arena,,,,,,,,,,,,,,
kr,League of Legends,Multiplayer Online Battle Arena,,,,,,,,,,,,,,
cn,League of Legends,Multiplayer Online Battle Arena,,,,,,,,,,,,,,
cn,League of Legends,Multiplayer Online Battle Arena,,,,,,,,,,,,,,
tw,League of Legends,Multiplayer Online Battle Arena,,,,,,,,,,,,,,
kr,League of Legends,Multiplayer Online Battle Arena,,,,,,,,,,,,,,
kr,League of Legends,Multiplayer Online Battle Arena,,,,,,,,,,,,,,
kr,League of Legends,Multiplayer Online Battle Arena,,,,,,,,,,,,,,
kr,League of Legends,Multiplayer Online Battle Arena,,,,,,,,,,,,,,
cn,League of Legends,Multiplayer Online Battle Arena,,,,,,,,,,,,,,
kr,League of Legends,Multiplayer Online Battle Arena,,,,,,,,,,,,,,
kr,League of Legends,Multiplayer Online Battle Arena,,,,,,,,,,,,,,
kr,League of Legends,Multiplayer Online Battle Arena,,,,,,,,,,,,,,
cn,League of Legends,Multiplayer Online Battle Arena,,,,,,,,,,,,,,
hr,League of Legends,Multiplayer Online Battle Arena,,,,,,,,,,,,,,
cn,League of Legends,Multiplayer Online Battle Arena,,,,,,,,,,,,,,
dk,League of Legends,Multiplayer Online Battle Arena,,,,,,,,,,,,,,
kr,League of Legends,Multiplayer Online Battle Arena,,,,,,,,,,,,,,
se,League of Legends,Multiplayer Online Battle Arena,,,,,,,,,,,,,,
fr,League of Legends,Multiplayer Online Battle Arena,,,,,,,,,,,,,,
kr,League of Legends,Multiplayer Online Battle Arena,,,,,,,,,,,,,,
pl,League of Legends,Multiplayer Online Battle Arena,,,,,,,,,,,,,,
cn,League of Legends,Multiplayer Online Battle Arena,,,,,,,,,,,,,,
kr,League of Legends,Multiplayer Online Battle Arena,,,,,,,,,,,,,,
cn,League of Legends,Multiplayer Online Battle Arena,,,,,,,,,,,,,,
kr,League of Legends,Multiplayer Online Battle Arena,,,,,,,,,,,,,,
kr,League of Legends,Multiplayer Online Battle Arena,,,,,,,,,,,,,,
kr,League of Legends,Multiplayer Online Battle Arena,,,,,,,,,,,,,,
cn,League of Legends,Multiplayer Online Battle Arena,,,,,,,,,,,,,,
tw,League of Legends,Multiplayer Online Battle Arena,,,,,,,,,,,,,,
dk,League of Legends,Multiplayer Online Battle Arena,,,,,,,,,,,,,,
kr,League of Legends,Multiplayer Online Battle Arena,,,,,,,,,,,,,,
kr,League of Legends,Multiplayer Online Battle Arena,,,,,,,,,,,,,,
bg,League of Legends,Multiplayer Online Battle Arena,,,,,,,,,,,,,,
kr,League of Legends,Multiplayer Online Battle Arena,,,,,,,,,,,,,,
dk,League of Legends,Multiplayer Online Battle Arena,,,,,,,,,,,,,,
us,League of Legends,Multiplayer Online Battle Arena,,,,,,,,,,,,,,
kr,League of Legends,Multiplayer Online Battle Arena,,,,,,,,,,,,,,
be,League of Legends,Multiplayer Online Battle Arena,,,,,,,,,,,,,,
tw,League of Legends,Multiplayer Online Battle Arena,,,,,,,,,,,,,,
us,League of Legends,Multiplayer Online Battle Arena,,,,,,,,,,,,,,
kr,League of Legends,Multiplayer Online Battle Arena,,,,,,,,,,,,,,
cn,League of Legends,Multiplayer Online Battle Arena,,,,,,,,,,,,,,
cn,League of Legends,Multiplayer Online Battle Arena,,,,,,,,,,,,,,
kr,League of Legends,Multiplayer Online Battle Arena,,,,,,,,,,,,,,
kr,League of Legends,Multiplayer Online Battle Arena,,,,,,,,,,,,,,
cn,League of Legends,Multiplayer Online Battle Arena,,,,,,,,,,,,,,
kr,League of Legends,Multiplayer Online Battle Arena,,,,,,,,,,,,,,
dk,League of Legends,Multiplayer Online Battle Arena,,,,,,,,,,,,,,
cn,League of Legends,Multiplayer Online Battle Arena,,,,,,,,,,,,,,
ph,League of Legends,Multiplayer Online Battle Arena,,,,,,,,,,,,,,
dk,League of Legends,Multiplayer Online Battle Arena,,,,,,,,,,,,,,
kr,League of Legends,Multiplayer Online Battle Arena,,,,,,,,,,,,,,
es,League of Legends,Multiplayer Online Battle Arena,,,,,,,,,,,,,,
dk,League of Legends,Multiplayer Online Battle Arena,,,,,,,,,,,,,,
dk,League of Legends,Multiplayer Online Battle Arena,,,,,,,,,,,,,,
kr,League of Legends,Multiplayer Online Battle Arena,,,,,,,,,,,,,,
kr,League of Legends,Multiplayer Online Battle Arena,,,,,,,,,,,,,,
tw,League of Legends,Multiplayer Online Battle Arena,,,,,,,,,,,,,,
kr,League of Legends,Multiplayer Online Battle Arena,,,,,,,,,,,,,,
kr,League of Legends,Multiplayer Online Battle Arena,,,,,,,,,,,,,,
tw,League of Legends,Multiplayer Online Battle Arena,,,,,,,,,,,,,,
hk,League of Legends,Multiplayer Online Battle Arena,,,,,,,,,,,,,,
si,League of Legends,Multiplayer Online Battle Arena,,,,,,,,,,,,,,
kr,League of Legends,Multiplayer Online Battle Arena,,,,,,,,,,,,,,
tw,League of Legends,Multiplayer Online Battle Arena,,,,,,,,,,,,,,
tw,League of Legends,Multiplayer Online Battle Arena,,,,,,,,,,,,,,
cn,League of Legends,Multiplayer Online Battle Arena,,,,,,,,,,,,,,
cn,League of Legends,Multiplayer Online Battle Arena,,,,,,,,,,,,,,
cn,League of Legends,Multiplayer Online Battle Arena,,,,,,,,,,,,,,
kr,League of Legends,Multiplayer Online Battle Arena,,,,,,,,,,,,,,
kr,League of Legends,Multiplayer Online Battle Arena,,,,,,,,,,,,,,
kr,League of Legends,Multiplayer Online Battle Arena,,,,,,,,,,,,,,
fr,League of Legends,Multiplayer Online Battle Arena,,,,,,,,,,,,,,
kr,League of Legends,Multiplayer Online Battle Arena,,,,,,,,,,,,,,
ca,League of Legends,Multiplayer Online Battle Arena,,,,,,,,,,,,,,
cn,League of Legends,Multiplayer Online Battle Arena,,,,,,,,,,,,,,
kr,League of Legends,Multiplayer Online Battle Arena,,,,,,,,,,,,,,
tw,League of Legends,Multiplayer Online Battle Arena,,,,,,,,,,,,,,
kr,League of Legends,Multiplayer Online Battle Arena,,,,,,,,,,,,,,
kr,League of Legends,Multiplayer Online Battle Arena,,,,,,,,,,,,,,
kr,League of Legends,Multiplayer Online Battle Arena,,,,,,,,,,,,,,
cn,League of Legends,Multiplayer Online Battle Arena,,,,,,,,,,,,,,
kr,League of Legends,Multiplayer Online Battle Arena,,,,,,,,,,,,,,
kr,League of Legends,Multiplayer Online Battle Arena,,,,,,,,,,,,,,
es,League of Legends,Multiplayer Online Battle Arena,,,,,,,,,,,,,,
kr,League of Legends,Multiplayer Online Battle Arena,,,,,,,,,,,,,,
cn,League of Legends,Multiplayer Online Battle Arena,,,,,,,,,,,,,,
cn,League of Legends,Multiplayer Online Battle Arena,,,,,,,,,,,,,,
se,League of Legends,Multiplayer Online Battle Arena,,,,,,,,,,,,,,
cn,League of Legends,Multiplayer Online Battle Arena,,,,,,,,,,,,,,
us,Fortnite,Battle Royale,,,,,,,,,,,,,,
at,Fortnite,Battle Royale,,,,,,,,,,,,,,
us,Fortnite,Battle Royale,,,,,,,,,,,,,,
no,Fortnite,Battle Royale,,,,,,,,,,,,,,
us,Fortnite,Battle Royale,,,,,,,,,,,,,,
gb,Fortnite,Battle Royale,,,,,,,,,,,,,,
nl,Fortnite,Battle Royale,,,,,,,,,,,,,,
hk,Fortnite,Battle Royale,,,,,,,,,,,,,,
ca,Fortnite,Battle Royale,,,,,,,,,,,,,,
us,Fortnite,Battle Royale,,,,,,,,,,,,,,
us,Fortnite,Battle Royale,,,,,,,,,,,,,,
ar,Fortnite,Battle Royale,,,,,,,,,,,,,,
us,Fortnite,Battle Royale,,,,,,,,,,,,,,
fr,Fortnite,Battle Royale,,,,,,,,,,,,,,
nl,Fortnite,Battle Royale,,,,,,,,,,,,,,
se,Fortnite,Battle Royale,,,,,,,,,,,,,,
gb,Fortnite,Battle Royale,,,,,,,,,,,,,,
us,Fortnite,Battle Royale,,,,,,,,,,,,,,
us,Fortnite,Battle Royale,,,,,,,,,,,,,,
us,Fortnite,Battle Royale,,,,,,,,,,,,,,
us,Fortnite,Battle Royale,,,,,,,,,,,,,,
gb,Fortnite,Battle Royale,,,,,,,,,,,,,,
at,Fortnite,Battle Royale,,,,,,,,,,,,,,
us,Fortnite,Battle Royale,,,,,,,,,,,,,,
fr,Fortnite,Battle Royale,,,,,,,,,,,,,,
us,Fortnite,Battle Royale,,,,,,,,,,,,,,
us,Fortnite,Battle Royale,,,,,,,,,,,,,,
us,Fortnite,Battle Royale,,,,,,,,,,,,,,
us,Fortnite,Battle Royale,,,,,,,,,,,,,,
ch,Fortnite,Battle Royale,,,,,,,,,,,,,,
us,Fortnite,Battle Royale,,,,,,,,,,,,,,
us,Fortnite,Battle Royale,,,,,,,,,,,,,,
us,Fortnite,Battle Royale,,,,,,,,,,,,,,
us,Fortnite,Battle Royale,,,,,,,,,,,,,,
ca,Fortnite,Battle Royale,,,,,,,,,,,,,,
be,Fortnite,Battle Royale,,,,,,,,,,,,,,
dk,Fortnite,Battle Royale,,,,,,,,,,,,,,
us,Fortnite,Battle Royale,,,,,,,,,,,,,,
at,Fortnite,Battle Royale,,,,,,,,,,,,,,
us,Fortnite,Battle Royale,,,,,,,,,,,,,,
us,Fortnite,Battle Royale,,,,,,,,,,,,,,
us,Fortnite,Battle Royale,,,,,,,,,,,,,,
ch,Fortnite,Battle Royale,,,,,,,,,,,,,,
no,Fortnite,Battle Royale,,,,,,,,,,,,,,
lv,Fortnite,Battle Royale,,,,,,,,,,,,,,
us,Fortnite,Battle Royale,,,,,,,,,,,,,,
us,Fortnite,Battle Royale,,,,,,,,,,,,,,
us,Fortnite,Battle Royale,,,,,,,,,,,,,,
us,Fortnite,Battle Royale,,,,,,,,,,,,,,
us,Fortnite,Battle Royale,,,,,,,,,,,,,,
us,Fortnite,Battle Royale,,,,,,,,,,,,,,
fr,Fortnite,Battle Royale,,,,,,,,,,,,,,
ca,Fortnite,Battle Royale,,,,,,,,,,,,,,
us,Fortnite,Battle Royale,,,,,,,,,,,,,,
us,Fortnite,Battle Royale,,,,,,,,,,,,,,
gb,Fortnite,Battle Royale,,,,,,,,,,,,,,
us,Fortnite,Battle Royale,,,,,,,,,,,,,,
dk,Fortnite,Battle Royale,,,,,,,,,,,,,,
no,Fortnite,Battle Royale,,,,,,,,,,,,,,
nl,Fortnite,Battle Royale,,,,,,,,,,,,,,
si,Fortnite,Battle Royale,,,,,,,,,,,,,,
de,Fortnite,Battle Royale,,,,,,,,,,,,,,
de,Fortnite,Battle Royale,,,,,,,,,,,,,,
ru,Fortnite,Battle Royale,,,,,,,,,,,,,,
ru,Fortnite,Battle Royale,,,,,,,,,,,,,,
by,Fortnite,Battle Royale,,,,,,,,,,,,,,
de,Fortnite,Battle Royale,,,,,,,,,,,,,,
dk,Fortnite,Battle Royale,,,,,,,,,,,,,,
fr,Fortnite,Battle Royale,,,,,,,,,,,,,,
us,Fortnite,Battle Royale,,,,,,,,,,,,,,
be,Fortnite,Battle Royale,,,,,,,,,,,,,,
fi,Fortnite,Battle Royale,,,,,,,,,,,,,,
no,Fortnite,Battle Royale,,,,,,,,,,,,,,
ch,Fortnite,Battle Royale,,,,,,,,,,,,,,
ca,Fortnite,Battle Royale,,,,,,,,,,,,,,
se,Fortnite,Battle Royale,,,,,,,,,,,,,,
ru,Fortnite,Battle Royale,,,,,,,,,,,,,,
us,Fortnite,Battle Royale,,,,,,,,,,,,,,
se,Fortnite,Battle Royale,,,,,,,,,,,,,,
be,Fortnite,Battle Royale,,,,,,,,,,,,,,
si,Fortnite,Battle Royale,,,,,,,,,,,,,,
ca,Fortnite,Battle Royale,,,,,,,,,,,,,,
us,Fortnite,Battle Royale,,,,,,,,,,,,,,
se,Fortnite,Battle Royale,,,,,,,,,,,,,,
ca,Fortnite,Battle Royale,,,,,,,,,,,,,,
us,Fortnite,Battle Royale,,,,,,,,,,,,,,
fr,Fortnite,Battle Royale,,,,,,,,,,,,,,
us,Fortnite,Battle Royale,,,,,,,,,,,,,,
kr,Fortnite,Battle Royale,,,,,,,,,,,,,,
fr,Fortnite,Battle Royale,,,,,,,,,,,,,,
us,Fortnite,Battle Royale,,,,,,,,,,,,,,
us,Fortnite,Battle Royale,,,,,,,,,,,,,,
us,Fortnite,Battle Royale,,,,,,,,,,,,,,
lt,Fortnite,Battle Royale,,,,,,,,,,,,,,
us,Fortnite,Battle Royale,,,,,,,,,,,,,,
fr,Fortnite,Battle Royale,,,,,,,,,,,,,,
se,Fortnite,Battle Royale,,,,,,,,,,,,,,
dk,Fortnite,Battle Royale,,,,,,,,,,,,,,
de,Fortnite,Battle Royale,,,,,,,,,,,,,,
gb,Fortnite,Battle Royale,,,,,,,,,,,,,,
kr,Overwatch,First-Person Shooter,,,,,,,,,,,,,,
kr,Overwatch,First-Person Shooter,,,,,,,,,,,,,,
kr,Overwatch,First-Person Shooter,,,,,,,,,,,,,,
kr,Overwatch,First-Person Shooter,,,,,,,,,,,,,,
us,Overwatch,First-Person Shooter,,,,,,,,,,,,,,
us,Overwatch,First-Person Shooter,,,,,,,,,,,,,,
kr,Overwatch,First-Person Shooter,,,,,,,,,,,,,,
kr,Overwatch,First-Person Shooter,,,,,,,,,,,,,,
kr,Overwatch,First-Person Shooter,,,,,,,,,,,,,,
kr,Overwatch,First-Person Shooter,,,,,,,,,,,,,,
kr,Overwatch,First-Person Shooter,,,,,,,,,,,,,,
kr,Overwatch,First-Person Shooter,,,,,,,,,,,,,,
kr,Overwatch,First-Person Shooter,,,,,,,,,,,,,,
kr,Overwatch,First-Person Shooter,,,,,,,,,,,,,,
kr,Overwatch,First-Person Shooter,,,,,,,,,,,,,,
kr,Overwatch,First-Person Shooter,,,,,,,,,,,,,,
se,Overwatch,First-Person Shooter,,,,,,,,,,,,,,
kr,Overwatch,First-Person Shooter,,,,,,,,,,,,,,
kr,Overwatch,First-Person Shooter,,,,,,,,,,,,,,
kr,Overwatch,First-Person Shooter,,,,,,,,,,,,,,
kr,Overwatch,First-Person Shooter,,,,,,,,,,,,,,
us,Overwatch,First-Person Shooter,,,,,,,,,,,,,,
jp,Overwatch,First-Person Shooter,,,,,,,,,,,,,,
kr,Overwatch,First-Person Shooter,,,,,,,,,,,,,,
kr,Overwatch,First-Person Shooter,,,,,,,,,,,,,,
kr,Overwatch,First-Person Shooter,,,,,,,,,,,,,,
kr,Overwatch,First-Person Shooter,,,,,,,,,,,,,,
kr,Overwatch,First-Person Shooter,,,,,,,,,,,,,,
kr,Overwatch,First-Person Shooter,,,,,,,,,,,,,,
kr,Overwatch,First-Person Shooter,,,,,,,,,,,,,,
kr,Overwatch,First-Person Shooter,,,,,,,,,,,,,,
kr,Overwatch,First-Person Shooter,,,,,,,,,,,,,,
kr,Overwatch,First-Person Shooter,,,,,,,,,,,,,,
kr,Overwatch,First-Person Shooter,,,,,,,,,,,,,,
kr,Overwatch,First-Person Shooter,,,,,,,,,,,,,,
kr,Overwatch,First-Person Shooter,,,,,,,,,,,,,,
kr,Overwatch,First-Person Shooter,,,,,,,,,,,,,,
kr,Overwatch,First-Person Shooter,,,,,,,,,,,,,,
kr,Overwatch,First-Person Shooter,,,,,,,,,,,,,,
kr,Overwatch,First-Person Shooter,,,,,,,,,,,,,,
kr,Overwatch,First-Person Shooter,,,,,,,,,,,,,,
kr,Overwatch,First-Person Shooter,,,,,,,,,,,,,,
gb,Overwatch,First-Person Shooter,,,,,,,,,,,,,,
gb,Overwatch,First-Person Shooter,,,,,,,,,,,,,,
kr,Overwatch,First-Person Shooter,,,,,,,,,,,,,,
kr,Overwatch,First-Person Shooter,,,,,,,,,,,,,,
kr,Overwatch,First-Person Shooter,,,,,,,,,,,,,,
kr,Overwatch,First-Person Shooter,,,,,,,,,,,,,,
fr,Overwatch,First-Person Shooter,,,,,,,,,,,,,,
fr,Overwatch,First-Person Shooter,,,,,,,,,,,,,,
kr,Overwatch,First-Person Shooter,,,,,,,,,,,,,,
kr,Overwatch,First-Person Shooter,,,,,,,,,,,,,,
kr,Overwatch,First-Person Shooter,,,,,,,,,,,,,,
kr,Overwatch,First-Person Shooter,,,,,,,,,,,,,,
cn,Overwatch,First-Person Shooter,,,,,,,,,,,,,,
il,Overwatch,First-Person Shooter,,,,,,,,,,,,,,
kr,Overwatch,First-Person Shooter,,,,,,,,,,,,,,
ca,Overwatch,First-Person Shooter,,,,,,,,,,,,,,
kr,Overwatch,First-Person Shooter,,,,,,,,,,,,,,
kr,Overwatch,First-Person Shooter,,,,,,,,,,,,,,
se,Overwatch,First-Person Shooter,,,,,,,,,,,,,,
kr,Overwatch,First-Person Shooter,,,,,,,,,,,,,,
kr,Overwatch,First-Person Shooter,,,,,,,,,,,,,,
kr,Overwatch,First-Person Shooter,,,,,,,,,,,,,,
kr,Overwatch,First-Person Shooter,,,,,,,,,,,,,,
fi,Overwatch,First-Person Shooter,,,,,,,,,,,,,,
fi,Overwatch,First-Person Shooter,,,,,,,,,,,,,,
kr,Overwatch,First-Person Shooter,,,,,,,,,,,,,,
kr,Overwatch,First-Person Shooter,,,,,,,,,,,,,,
kr,Overwatch,First-Person Shooter,,,,,,,,,,,,,,
kr,Overwatch,First-Person Shooter,,,,,,,,,,,,,,
kr,Overwatch,First-Person Shooter,,,,,,,,,,,,,,
kr,Overwatch,First-Person Shooter,,,,,,,,,,,,,,
fi,Overwatch,First-Person Shooter,,,,,,,,,,,,,,
us,Overwatch,First-Person Shooter,,,,,,,,,,,,,,
kr,Overwatch,First-Person Shooter,,,,,,,,,,,,,,
es,Overwatch,First-Person Shooter,,,,,,,,,,,,,,
kr,Overwatch,First-Person Shooter,,,,,,,,,,,,,,
gb,Overwatch,First-Person Shooter,,,,,,,,,,,,,,
kr,Overwatch,First-Person Shooter,,,,,,,,,,,,,,
kr,Overwatch,First-Person Shooter,,,,,,,,,,,,,,
ru,Overwatch,First-Person Shooter,,,,,,,,,,,,,,
ca,Overwatch,First-Person Shooter,,,,,,,,,,,,,,
kr,Overwatch,First-Person Shooter,,,,,,,,,,,,,,
br,Overwatch,First-Person Shooter,,,,,,,,,,,,,,
kr,Overwatch,First-Person Shooter,,,,,,,,,,,,,,
fi,Overwatch,First-Person Shooter,,,,,,,,,,,,,,
cn,Overwatch,First-Person Shooter,,,,,,,,,,,,,,
es,Overwatch,First-Person Shooter,,,,,,,,,,,,,,
se,Overwatch,First-Person Shooter,,,,,,,,,,,,,,
ca,Overwatch,First-Person Shooter,,,,,,,,,,,,,,
kr,Overwatch,First-Person Shooter,,,,,,,,,,,,,,
us,Overwatch,First-Person Shooter,,,,,,,,,,,,,,
fr,Overwatch,First-Person Shooter,,,,,,,,,,,,,,
fr,Overwatch,First-Person Shooter,,,,,,,,,,,,,,
kr,Overwatch,First-Person Shooter,,,,,,,,,,,,,,
kr,Overwatch,First-Person Shooter,,,,,,,,,,,,,,
kr,Overwatch,First-Person Shooter,,,,,,,,,,,,,,
au,Overwatch,First-Person Shooter,,,,,,,,,,,,,,
kr,Overwatch,First-Person Shooter,,,,,,,,,,,,,,
fi,Starcraft II,Strategy,,,,,,,,,,,,,,
kr,Starcraft II,Strategy,,,,,,,,,,,,,,
kr,Starcraft II,Strategy,,,,,,,,,,,,,,
kr,Starcraft II,Strategy,,,,,,,,,,,,,,
kr,Starcraft II,Strategy,,,,,,,,,,,,,,
kr,Starcraft II,Strategy,,,,,,,,,,,,,,
kr,Starcraft II,Strategy,,,,,,,,,,,,,,
kr,Starcraft II,Strategy,,,,,,,,,,,,,,
kr,Starcraft II,Strategy,,,,,,,,,,,,,,
kr,Starcraft II,Strategy,,,,,,,,,,,,,,
us,Starcraft II,Strategy,,,,,,,,,,,,,,
kr,Starcraft II,Strategy,,,,,,,,,,,,,,
kr,Starcraft II,Strategy,,,,,,,,,,,,,,
kr,Starcraft II,Strategy,,,,,,,,,,,,,,
kr,Starcraft II,Strategy,,,,,,,,,,,,,,
kr,Starcraft II,Strategy,,,,,,,,,,,,,,
kr,Starcraft II,Strategy,,,,,,,,,,,,,,
kr,Starcraft II,Strategy,,,,,,,,,,,,,,
kr,Starcraft II,Strategy,,,,,,,,,,,,,,
ca,Starcraft II,Strategy,,,,,,,,,,,,,,
mx,Starcraft II,Strategy,,,,,,,,,,,,,,
no,Starcraft II,Strategy,,,,,,,,,,,,,,
pl,Starcraft II,Strategy,,,,,,,,,,,,,,
kr,Starcraft II,Strategy,,,,,,,,,,,,,,
kr,Starcraft II,Strategy,,,,,,,,,,,,,,
fr,Starcraft II,Strategy,,,,,,,,,,,,,,
kr,Starcraft II,Strategy,,,,,,,,,,,,,,
it,Starcraft II,Strategy,,,,,,,,,,,,,,
kr,Starcraft II,Strategy,,,,,,,,,,,,,,
kr,Starcraft II,Strategy,,,,,,,,,,,,,,
kr,Starcraft II,Strategy,,,,,,,,,,,,,,
de,Starcraft II,Strategy,,,,,,,,,,,,,,
kr,Starcraft II,Strategy,,,,,,,,,,,,,,
kr,Starcraft II,Strategy,,,,,,,,,,,,,,
pl,Starcraft II,Strategy,,,,,,,,,,,,,,
kr,Starcraft II,Strategy,,,,,,,,,,,,,,
kr,Starcraft II,Strategy,,,,,,,,,,,,,,
kr,Starcraft II,Strategy,,,,,,,,,,,,,,
kr,Starcraft II,Strategy,,,,,,,,,,,,,,
kr,Starcraft II,Strategy,,,,,,,,,,,,,,
kr,Starcraft II,Strategy,,,,,,,,,,,,,,
pl,Starcraft II,Strategy,,,,,,,,,,,,,,
kr,Starcraft II,Strategy,,,,,,,,,,,,,,
kr,Starcraft II,Strategy,,,,,,,,,,,,,,
kr,Starcraft II,Strategy,,,,,,,,,,,,,,
cn,Starcraft II,Strategy,,,,,,,,,,,,,,
kr,Starcraft II,Strategy,,,,,,,,,,,,,,
se,Starcraft II,Strategy,,,,,,,,,,,,,,
cn,Starcraft II,Strategy,,,,,,,,,,,,,,
de,Starcraft II,Strategy,,,,,,,,,,,,,,
br,Starcraft II,Strategy,,,,,,,,,,,,,,
kr,Starcraft II,Strategy,,,,,,,,,,,,,,
kr,Starcraft II,Strategy,,,,,,,,,,,,,,
nl,Starcraft II,Strategy,,,,,,,,,,,,,,
kr,Starcraft II,Strategy,,,,,,,,,,,,,,
ca,Starcraft II,Strategy,,,,,,,,,,,,,,
tw,Starcraft II,Strategy,,,,,,,,,,,,,,
kr,Starcraft II,Strategy,,,,,,,,,,,,,,
kr,Starcraft II,Strategy,,,,,,,,,,,,,,
kr,Starcraft II,Strategy,,,,,,,,,,,,,,
cn,Starcraft II,Strategy,,,,,,,,,,,,,,
kr,Starcraft II,Strategy,,,,,,,,,,,,,,
tw,Starcraft II,Strategy,,,,,,,,,,,,,,
cn,Starcraft II,Strategy,,,,,,,,,,,,,,
kr,Starcraft II,Strategy,,,,,,,,,,,,,,
ca,Starcraft II,Strategy,,,,,,,,,,,,,,
fr,Starcraft II,Strategy,,,,,,,,,,,,,,
ua,Starcraft II,Strategy,,,,,,,,,,,,,,
cn,Starcraft II,Strategy,,,,,,,,,,,,,,
de,Starcraft II,Strategy,,,,,,,,,,,,,,
kr,Starcraft II,Strategy,,,,,,,,,,,,,,
kr,Starcraft II,Strategy,,,,,,,,,,,,,,
kr,Starcraft II,Strategy,,,,,,,,,,,,,,
cn,Starcraft II,Strategy,,,,,,,,,,,,,,
nl,Starcraft II,Strategy,,,,,,,,,,,,,,
kr,Starcraft II,Strategy,,,,,,,,,,,,,,
kr,Starcraft II,Strategy,,,,,,,,,,,,,,
kr,Starcraft II,Strategy,,,,,,,,,,,,,,
kr,Starcraft II,Strategy,,,,,,,,,,,,,,
se,Starcraft II,Strategy,,,,,,,,,,,,,,
es,Starcraft II,Strategy,,,,,,,,,,,,,,
kr,Starcraft II,Strategy,,,,,,,,,,,,,,
de,Starcraft II,Strategy,,,,,,,,,,,,,,
kr,Starcraft II,Strategy,,,,,,,,,,,,,,
kr,Starcraft II,Strategy,,,,,,,,,,,,,,
kr,Starcraft II,Strategy,,,,,,,,,,,,,,
kr,Starcraft II,Strategy,,,,,,,,,,,,,,
kr,Starcraft II,Strategy,,,,,,,,,,,,,,
kr,Starcraft II,Strategy,,,,,,,,,,,,,,
kr,Starcraft II,Strategy,,,,,,,,,,,,,,
fr,Starcraft II,Strategy,,,,,,,,,,,,,,
cn,Starcraft II,Strategy,,,,,,,,,,,,,,
kr,Starcraft II,Strategy,,,,,,,,,,,,,,
kr,Starcraft II,Strategy,,,,,,,,,,,,,,
fr,Starcraft II,Strategy,,,,,,,,,,,,,,
de,Starcraft II,Strategy,,,,,,,,,,,,,,
dk,Starcraft II,Strategy,,,,,,,,,,,,,,
kr,Starcraft II,Strategy,,,,,,,,,,,,,,
se,Starcraft II,Strategy,,,,,,,,,,,,,,
cn,Starcraft II,Strategy,,,,,,,,,,,,,,
kr,Heroes of the Storm,Multiplayer Online Battle Arena,,,,,,,,,,,,,,
kr,Heroes of the Storm,Multiplayer Online Battle Arena,,,,,,,,,,,,,,
kr,Heroes of the Storm,Multiplayer Online Battle Arena,,,,,,,,,,,,,,
kr,Heroes of the Storm,Multiplayer Online Battle Arena,,,,,,,,,,,,,,
kr,Heroes of the Storm,Multiplayer Online Battle Arena,,,,,,,,,,,,,,
se,Heroes of the Storm,Multiplayer Online Battle Arena,,,,,,,,,,,,,,
kr,Heroes of the Storm,Multiplayer Online Battle Arena,,,,,,,,,,,,,,
gb,Heroes of the Storm,Multiplayer Online Battle Arena,,,,,,,,,,,,,,
fr,Heroes of the Storm,Multiplayer Online Battle Arena,,,,,,,,,,,,,,
kr,Heroes of the Storm,Multiplayer Online Battle Arena,,,,,,,,,,,,,,
kr,Heroes of the Storm,Multiplayer Online Battle Arena,,,,,,,,,,,,,,
se,Heroes of the Storm,Multiplayer Online Battle Arena,,,,,,,,,,,,,,
se,Heroes of the Storm,Multiplayer Online Battle Arena,,,,,,,,,,,,,,
kr,Heroes of the Storm,Multiplayer Online Battle Arena,,,,,,,,,,,,,,
se,Heroes of the Storm,Multiplayer Online Battle Arena,,,,,,,,,,,,,,
se,Heroes of the Storm,Multiplayer Online Battle Arena,,,,,,,,,,,,,,
kr,Heroes of the Storm,Multiplayer Online Battle Arena,,,,,,,,,,,,,,
kr,Heroes of the Storm,Multiplayer Online Battle Arena,,,,,,,,,,,,,,
kr,Heroes of the Storm,Multiplayer Online Battle Arena,,,,,,,,,,,,,,
us,Heroes of the Storm,Multiplayer Online Battle Arena,,,,,,,,,,,,,,
dk,Heroes of the Storm,Multiplayer Online Battle Arena,,,,,,,,,,,,,,
kr,Heroes of the Storm,Multiplayer Online Battle Arena,,,,,,,,,,,,,,
fr,Heroes of the Storm,Multiplayer Online Battle Arena,,,,,,,,,,,,,,
us,Heroes of the Storm,Multiplayer Online Battle Arena,,,,,,,,,,,,,,
us,Heroes of the Storm,Multiplayer Online Battle Arena,,,,,,,,,,,,,,
gb,Heroes of the Storm,Multiplayer Online Battle Arena,,,,,,,,,,,,,,
kr,Heroes of the Storm,Multiplayer Online Battle Arena,,,,,,,,,,,,,,
kr,Heroes of the Storm,Multiplayer Online Battle Arena,,,,,,,,,,,,,,
cn,Heroes of the Storm,Multiplayer Online Battle Arena,,,,,,,,,,,,,,
gb,Heroes of the Storm,Multiplayer Online Battle Arena,,,,,,,,,,,,,,
se,Heroes of the Storm,Multiplayer Online Battle Arena,,,,,,,,,,,,,,
cn,Heroes of the Storm,Multiplayer Online Battle Arena,,,,,,,,,,,,,,
cn,Heroes of the Storm,Multiplayer Online Battle Arena,,,,,,,,,,,,,,
cn,Heroes of the Storm,Multiplayer Online Battle Arena,,,,,,,,,,,,,,
de,Heroes of the Storm,Multiplayer Online Battle Arena,,,,,,,,,,,,,,
kr,Heroes of the Storm,Multiplayer Online Battle Arena,,,,,,,,,,,,,,
bg,Heroes of the Storm,Multiplayer Online Battle Arena,,,,,,,,,,,,,,
cn,Heroes of the Storm,Multiplayer Online Battle Arena,,,,,,,,,,,,,,
de,Heroes of the Storm,Multiplayer Online Battle Arena,,,,,,,,,,,,,,
pl,Heroes of the Storm,Multiplayer Online Battle Arena,,,,,,,,,,,,,,
de,Heroes of the Storm,Multiplayer Online Battle Arena,,,,,,,,,,,,,,
us,Heroes of the Storm,Multiplayer Online Battle Arena,,,,,,,,,,,,,,
cn,Heroes of the Storm,Multiplayer Online Battle Arena,,,,,,,,,,,,,,
us,Heroes of the Storm,Multiplayer Online Battle Arena,,,,,,,,,,,,,,
bg,Heroes of the Storm,Multiplayer Online Battle Arena,,,,,,,,,,,,,,
kr,Heroes of the Storm,Multiplayer Online Battle Arena,,,,,,,,,,,,,,
kr,Heroes of the Storm,Multiplayer Online Battle Arena,,,,,,,,,,,,,,
kr,Heroes of the Storm,Multiplayer Online Battle Arena,,,,,,,,,,,,,,
cn,Heroes of the Storm,Multiplayer Online Battle Arena,,,,,,,,,,,,,,
us,Heroes of the Storm,Multiplayer Online Battle Arena,,,,,,,,,,,,,,
kr,Heroes of the Storm,Multiplayer Online Battle Arena,,,,,,,,,,,,,,
cn,Heroes of the Storm,Multiplayer Online Battle Arena,,,,,,,,,,,,,,
cn,Heroes of the Storm,Multiplayer Online Battle Arena,,,,,,,,,,,,,,
cn,Heroes of the Storm,Multiplayer Online Battle Arena,,,,,,,,,,,,,,
kr,Heroes of the Storm,Multiplayer Online Battle Arena,,,,,,,,,,,,,,
de,Heroes of the Storm,Multiplayer Online Battle Arena,,,,,,,,,,,,,,
kr,Heroes of the Storm,Multiplayer Online Battle Arena,,,,,,,,,,,,,,
dk,Heroes of the Storm,Multiplayer Online Battle Arena,,,,,,,,,,,,,,
us,Heroes of the Storm,Multiplayer Online Battle Arena,,,,,,,,,,,,,,
kr,Heroes of the Storm,Multiplayer Online Battle Arena,,,,,,,,,,,,,,
us,Heroes of the Storm,Multiplayer Online Battle Arena,,,,,,,,,,,,,,
se,Heroes of the Storm,Multiplayer Online Battle Arena,,,,,,,,,,,,,,
si,Heroes of the Storm,Multiplayer Online Battle Arena,,,,,,,,,,,,,,
cn,Heroes of the Storm,Multiplayer Online Battle Arena,,,,,,,,,,,,,,
cn,Heroes of the Storm,Multiplayer Online Battle Arena,,,,,,,,,,,,,,
us,Heroes of the Storm,Multiplayer Online Battle Arena,,,,,,,,,,,,,,
us,Heroes of the Storm,Multiplayer Online Battle Arena,,,,,,,,,,,,,,
hr,Heroes of the Storm,Multiplayer Online Battle Arena,,,,,,,,,,,,,,
kr,Heroes of the Storm,Multiplayer Online Battle Arena,,,,,,,,,,,,,,
de,Heroes of the Storm,Multiplayer Online Battle Arena,,,,,,,,,,,,,,
cn,Heroes of the Storm,Multiplayer Online Battle Arena,,,,,,,,,,,,,,
no,Heroes of the Storm,Multiplayer Online Battle Arena,,,,,,,,,,,,,,
us,Heroes of the Storm,Multiplayer Online Battle Arena,,,,,,,,,,,,,,
us,Heroes of the Storm,Multiplayer Online Battle Arena,,,,,,,,,,,,,,
tw,Heroes of the Storm,Multiplayer Online Battle Arena,,,,,,,,,,,,,,
de,Heroes of the Storm,Multiplayer Online Battle Arena,,,,,,,,,,,,,,
de,Heroes of the Storm,Multiplayer Online Battle Arena,,,,,,,,,,,,,,
us,Heroes of the Storm,Multiplayer Online Battle Arena,,,,,,,,,,,,,,
us,Heroes of the Storm,Multiplayer Online Battle Arena,,,,,,,,,,,,,,
us,Heroes of the Storm,Multiplayer Online Battle Arena,,,,,,,,,,,,,,
us,Heroes of the Storm,Multiplayer Online Battle Arena,,,,,,,,,,,,,,
ca,Heroes of the Storm,Multiplayer Online Battle Arena,,,,,,,,,,,,,,
us,Heroes of the Storm,Multiplayer Online Battle Arena,,,,,,,,,,,,,,
kr,Heroes of the Storm,Multiplayer Online Battle Arena,,,,,,,,,,,,,,
cn,Heroes of the Storm,Multiplayer Online Battle Arena,,,,,,,,,,,,,,
ca,Heroes of the Storm,Multiplayer Online Battle Arena,,,,,,,,,,,,,,
cn,Heroes of the Storm,Multiplayer Online Battle Arena,,,,,,,,,,,,,,
kr,Heroes of the Storm,Multiplayer Online Battle Arena,,,,,,,,,,,,,,
au,Heroes of the Storm,Multiplayer Online Battle Arena,,,,,,,,,,,,,,
cn,Heroes of the Storm,Multiplayer Online Battle Arena,,,,,,,,,,,,,,
ca,Heroes of the Storm,Multiplayer Online Battle Arena,,,,,,,,,,,,,,
kr,Heroes of the Storm,Multiplayer Online Battle Arena,,,,,,,,,,,,,,
tw,Heroes of the Storm,Multiplayer Online Battle Arena,,,,,,,,,,,,,,
cn,Heroes of the Storm,Multiplayer Online Battle Arena,,,,,,,,,,,,,,
us,Heroes of the Storm,Multiplayer Online Battle Arena,,,,,,,,,,,,,,
ca,Heroes of the Storm,Multiplayer Online Battle Arena,,,,,,,,,,,,,,
us,Heroes of the Storm,Multiplayer Online Battle Arena,,,,,,,,,,,,,,
kr,Heroes of the Storm,Multiplayer Online Battle Arena,,,,,,,,,,,,,,
cn,Heroes of the Storm,Multiplayer Online Battle Arena,,,,,,,,,,,,,,
dk,Heroes of the Storm,Multiplayer Online Battle Arena,,,,,,,,,,,,,,
kr,PUBG,Battle Royale,,,,,,,,,,,,,,
kr,PUBG,Battle Royale,,,,,,,,,,,,,,
kr,PUBG,Battle Royale,,,,,,,,,,,,,,
kr,PUBG,Battle Royale,,,,,,,,,,,,,,
se,PUBG,Battle Royale,,,,,,,,,,,,,,
fi,PUBG,Battle Royale,,,,,,,,,,,,,,
ru,PUBG,Battle Royale,,,,,,,,,,,,,,
no,PUBG,Battle Royale,,,,,,,,,,,,,,
fi,PUBG,Battle Royale,,,,,,,,,,,,,,
no,PUBG,Battle Royale,,,,,,,,,,,,,,
nl,PUBG,Battle Royale,,,,,,,,,,,,,,
cn,PUBG,Battle Royale,,,,,,,,,,,,,,
cn,PUBG,Battle Royale,,,,,,,,,,,,,,
cn,PUBG,Battle Royale,,,,,,,,,,,,,,
cn,PUBG,Battle Royale,,,,,,,,,,,,,,
cn,PUBG,Battle Royale,,,,,,,,,,,,,,
ca,PUBG,Battle Royale,,,,,,,,,,,,,,
fi,PUBG,Battle Royale,,,,,,,,,,,,,,
kr,PUBG,Battle Royale,,,,,,,,,,,,,,
kr,PUBG,Battle Royale,,,,,,,,,,,,,,
kr,PUBG,Battle Royale,,,,,,,,,,,,,,
kr,PUBG,Battle Royale,,,,,,,,,,,,,,
gb,PUBG,Battle Royale,,,,,,,,,,,,,,
ie,PUBG,Battle Royale,,,,,,,,,,,,,,
ph,PUBG,Battle Royale,,,,,,,,,,,,,,
us,PUBG,Battle Royale,,,,,,,,,,,,,,
us,PUBG,Battle Royale,,,,,,,,,,,,,,
kr,PUBG,Battle Royale,,,,,,,,,,,,,,
gi,PUBG,Battle Royale,,,,,,,,,,,,,,
kr,PUBG,Battle Royale,,,,,,,,,,,,,,
cn,PUBG,Battle Royale,,,,,,,,,,,,,,
ca,PUBG,Battle Royale,,,,,,,,,,,,,,
cn,PUBG,Battle Royale,,,,,,,,,,,,,,
ru,PUBG,Battle Royale,,,,,,,,,,,,,,
cn,PUBG,Battle Royale,,,,,,,,,,,,,,
ru,PUBG,Battle Royale,,,,,,,,,,,,,,
ru,PUBG,Battle Royale,,,,,,,,,,,,,,
kr,PUBG,Battle Royale,,,,,,,,,,,,,,
us,PUBG,Battle Royale,,,,,,,,,,,,,,
kr,PUBG,Battle Royale,,,,,,,,,,,,,,
kr,PUBG,Battle Royale,,,,,,,,,,,,,,
kr,PUBG,Battle Royale,,,,,,,,,,,,,,
kr,PUBG,Battle Royale,,,,,,,,,,,,,,
lt,PUBG,Battle Royale,,,,,,,,,,,,,,
us,PUBG,Battle Royale,,,,,,,,,,,,,,
cn,PUBG,Battle Royale,,,,,,,,,,,,,,
us,PUBG,Battle Royale,,,,,,,,,,,,,,
tr,PUBG,Battle Royale,,,,,,,,,,,,,,
us,PUBG,Battle Royale,,,,,,,,,,,,,,
us,PUBG,Battle Royale,,,,,,,,,,,,,,
us,PUBG,Battle Royale,,,,,,,,,,,,,,
ca,PUBG,Battle Royale,,,,,,,,,,,,,,
us,PUBG,Battle Royale,,,,,,,,,,,,,,
au,PUBG,Battle Royale,,,,,,,,,,,,,,
ru,PUBG,Battle Royale,,,,,,,,,,,,,,
cn,PUBG,Battle Royale,,,,,,,,,,,,,,
cn,PUBG,Battle Royale,,,,,,,,,,,,,,
cu,PUBG,Battle Royale,,,,,,,,,,,,,,
kr,PUBG,Battle Royale,,,,,,,,,,,,,,
kr,PUBG,Battle Royale,,,,,,,,,,,,,,
fr,PUBG,Battle Royale,,,,,,,,,,,,,,
fr,PUBG,Battle Royale,,,,,,,,,,,,,,
kr,PUBG,Battle Royale,,,,,,,,,,,,,,
kr,PUBG,Battle Royale,,,,,,,,,,,,,,
cn,PUBG,Battle Royale,,,,,,,,,,,,,,
cn,PUBG,Battle Royale,,,,,,,,,,,,,,
cn,PUBG,Battle Royale,,,,,,,,,,,,,,
kr,PUBG,Battle Royale,,,,,,,,,,,,,,
dk,PUBG,Battle Royale,,,,,,,,,,,,,,
cn,PUBG,Battle Royale,,,,,,,,,,,,,,
cn,PUBG,Battle Royale,,,,,,,,,,,,,,
kr,PUBG,Battle Royale,,,,,,,,,,,,,,
us,PUBG,Battle Royale,,,,,,,,,,,,,,
cn,PUBG,Battle Royale,,,,,,,,,,,,,,
se,PUBG,Battle Royale,,,,,,,,,,,,,,
cn,PUBG,Battle Royale,,,,,,,,,,,,,,
cn,PUBG,Battle Royale,,,,,,,,,,,,,,
dk,PUBG,Battle Royale,,,,,,,,,,,,,,
kr,PUBG,Battle Royale,,,,,,,,,,,,,,
vn,PUBG,Battle Royale,,,,,,,,,,,,,,
cn,PUBG,Battle Royale,,,,,,,,,,,,,,
ru,PUBG,Battle Royale,,,,,,,,,,,,,,
cn,PUBG,Battle Royale,,,,,,,,,,,,,,
ca,PUBG,Battle Royale,,,,,,,,,,,,,,
cn,PUBG,Battle Royale,,,,,,,,,,,,,,
cn,PUBG,Battle Royale,,,,,,,,,,,,,,
kr,PUBG,Battle Royale,,,,,,,,,,,,,,
cn,PUBG,Battle Royale,,,,,,,,,,,,,,
us,PUBG,Battle Royale,,,,,,,,,,,,,,
us,PUBG,Battle Royale,,,,,,,,,,,,,,
cn,PUBG,Battle Royale,,,,,,,,,,,,,,
kr,PUBG,Battle Royale,,,,,,,,,,,,,,
de,PUBG,Battle Royale,,,,,,,,,,,,,,
de,PUBG,Battle Royale,,,,,,,,,,,,,,
gb,PUBG,Battle Royale,,,,,,,,,,,,,,
cn,PUBG,Battle Royale,,,,,,,,,,,,,,
kr,PUBG,Battle Royale,,,,,,,,,,,,,,
th,PUBG,Battle Royale,,,,,,,,,,,,,,
dk,PUBG,Battle Royale,,,,,,,,,,,,,,
us,PUBG,Battle Royale,,,,,,,,,,,,,,
cn,Arena of Valor,Multiplayer Online Battle Arena,,,,,,,,,,,,,,
cn,Arena of Valor,Multiplayer Online Battle Arena,,,,,,,,,,,,,,
cn,Arena of Valor,Multiplayer Online Battle Arena,,,,,,,,,,,,,,
cn,Arena of Valor,Multiplayer Online Battle Arena,,,,,,,,,,,,,,
cn,Arena of Valor,Multiplayer Online Battle Arena,,,,,,,,,,,,,,
vn,Arena of Valor,Multiplayer Online Battle Arena,,,,,,,,,,,,,,
vn,Arena of Valor,Multiplayer Online Battle Arena,,,,,,,,,,,,,,
th,Arena of Valor,Multiplayer Online Battle Arena,,,,,,,,,,,,,,
cn,Arena of Valor,Multiplayer Online Battle Arena,,,,,,,,,,,,,,
cn,Arena of Valor,Multiplayer Online Battle Arena,,,,,,,,,,,,,,
vn,Arena of Valor,Multiplayer Online Battle Arena,,,,,,,,,,,,,,
vn,Arena of Valor,Multiplayer Online Battle Arena,,,,,,,,,,,,,,
th,Arena of Valor,Multiplayer Online Battle Arena,,,,,,,,,,,,,,
tw,Arena of Valor,Multiplayer Online Battle Arena,,,,,,,,,,,,,,
vn,Arena of Valor,Multiplayer Online Battle Arena,,,,,,,,,,,,,,
th,Arena of Valor,Multiplayer Online Battle Arena,,,,,,,,,,,,,,
kr,Arena of Valor,Multiplayer Online Battle Arena,,,,,,,,,,,,,,
th,Arena of Valor,Multiplayer Online Battle Arena,,,,,,,,,,,,,,
kr,Arena of Valor,Multiplayer Online Battle Arena,,,,,,,,,,,,,,
tw,Arena of Valor,Multiplayer Online Battle Arena,,,,,,,,,,,,,,
tw,Arena of Valor,Multiplayer Online Battle Arena,,,,,,,,,,,,,,
kr,Arena of Valor,Multiplayer Online Battle Arena,,,,,,,,,,,,,,
kr,Arena of Valor,Multiplayer Online Battle Arena,,,,,,,,,,,,,,
tw,Arena of Valor,Multiplayer Online Battle Arena,,,,,,,,,,,,,,
tw,Arena of Valor,Multiplayer Online Battle Arena,,,,,,,,,,,,,,
cn,Arena of Valor,Multiplayer Online Battle Arena,,,,,,,,,,,,,,
th,Arena of Valor,Multiplayer Online Battle Arena,,,,,,,,,,,,,,
th,Arena of Valor,Multiplayer Online Battle Arena,,,,,,,,,,,,,,
cn,Arena of Valor,Multiplayer Online Battle Arena,,,,,,,,,,,,,,
th,Arena of Valor,Multiplayer Online Battle Arena,,,,,,,,,,,,,,
cn,Arena of Valor,Multiplayer Online Battle Arena,,,,,,,,,,,,,,
th,Arena of Valor,Multiplayer Online Battle Arena,,,,,,,,,,,,,,
kr,Arena of Valor,Multiplayer Online Battle Arena,,,,,,,,,,,,,,
cn,Arena of Valor,Multiplayer Online Battle Arena,,,,,,,,,,,,,,
cn,Arena of Valor,Multiplayer Online Battle Arena,,,,,,,,,,,,,,
cn,Arena of Valor,Multiplayer Online Battle Arena,,,,,,,,,,,,,,
cn,Arena of Valor,Multiplayer Online Battle Arena,,,,,,,,,,,,,,
cn,Arena of Valor,Multiplayer Online Battle Arena,,,,,,,,,,,,,,
cn,Arena of Valor,Multiplayer Online Battle Arena,,,,,,,,,,,,,,
cn,Arena of Valor,Multiplayer Online Battle Arena,,,,,,,,,,,,,,
cn,Arena of Valor,Multiplayer Online Battle Arena,,,,,,,,,,,,,,
cn,Arena of Valor,Multiplayer Online Battle Arena,,,,,,,,,,,,,,
cn,Arena of Valor,Multiplayer Online Battle Arena,,,,,,,,,,,,,,
cn,Arena of Valor,Multiplayer Online Battle Arena,,,,,,,,,,,,,,
cn,Arena of Valor,Multiplayer Online Battle Arena,,,,,,,,,,,,,,
th,Arena of Valor,Multiplayer Online Battle Arena,,,,,,,,,,,,,,
th,Arena of Valor,Multiplayer Online Battle Arena,,,,,,,,,,,,,,
cn,Arena of Valor,Multiplayer Online Battle Arena,,,,,,,,,,,,,,
cn,Arena of Valor,Multiplayer Online Battle Arena,,,,,,,,,,,,,,
cn,Arena of Valor,Multiplayer Online Battle Arena,,,,,,,,,,,,,,
cn,Arena of Valor,Multiplayer Online Battle Arena,,,,,,,,,,,,,,
cn,Arena of Valor,Multiplayer Online Battle Arena,,,,,,,,,,,,,,
th,Arena of Valor,Multiplayer Online Battle Arena,,,,,,,,,,,,,,
th,Arena of Valor,Multiplayer Online Battle Arena,,,,,,,,,,,,,,
th,Arena of Valor,Multiplayer Online Battle Arena,,,,,,,,,,,,,,
th,Arena of Valor,Multiplayer Online Battle Arena,,,,,,,,,,,,,,
th,Arena of Valor,Multiplayer Online Battle Arena,,,,,,,,,,,,,,
th,Arena of Valor,Multiplayer Online Battle Arena,,,,,,,,,,,,,,
th,Arena of Valor,Multiplayer Online Battle Arena,,,,,,,,,,,,,,
th,Arena of Valor,Multiplayer Online Battle Arena,,,,,,,,,,,,,,
cn,Arena of Valor,Multiplayer Online Battle Arena,,,,,,,,,,,,,,
th,Arena of Valor,Multiplayer Online Battle Arena,,,,,,,,,,,,,,
th,Arena of Valor,Multiplayer Online Battle Arena,,,,,,,,,,,,,,
th,Arena of Valor,Multiplayer Online Battle Arena,,,,,,,,,,,,,,
th,Arena of Valor,Multiplayer Online Battle Arena,,,,,,,,,,,,,,
th,Arena of Valor,Multiplayer Online Battle Arena,,,,,,,,,,,,,,
cn,Arena of Valor,Multiplayer Online Battle Arena,,,,,,,,,,,,,,
tw,Arena of Valor,Multiplayer Online Battle Arena,,,,,,,,,,,,,,
tw,Arena of Valor,Multiplayer Online Battle Arena,,,,,,,,,,,,,,
tw,Arena of Valor,Multiplayer Online Battle Arena,,,,,,,,,,,,,,
tw,Arena of Valor,Multiplayer Online Battle Arena,,,,,,,,,,,,,,
tw,Arena of Valor,Multiplayer Online Battle Arena,,,,,,,,,,,,,,
th,Arena of Valor,Multiplayer Online Battle Arena,,,,,,,,,,,,,,
th,Arena of Valor,Multiplayer Online Battle Arena,,,,,,,,,,,,,,
tw,Arena of Valor,Multiplayer Online Battle Arena,,,,,,,,,,,,,,
cn,Arena of Valor,Multiplayer Online Battle Arena,,,,,,,,,,,,,,
cn,Arena of Valor,Multiplayer Online Battle Arena,,,,,,,,,,,,,,
cn,Arena of Valor,Multiplayer Online Battle Arena,,,,,,,,,,,,,,
cn,Arena of Valor,Multiplayer Online Battle Arena,,,,,,,,,,,,,,
kr,Arena of Valor,Multiplayer Online Battle Arena,,,,,,,,,,,,,,
vn,Arena of Valor,Multiplayer Online Battle Arena,,,,,,,,,,,,,,
us,Arena of Valor,Multiplayer Online Battle Arena,,,,,,,,,,,,,,
tw,Arena of Valor,Multiplayer Online Battle Arena,,,,,,,,,,,,,,
tw,Arena of Valor,Multiplayer Online Battle Arena,,,,,,,,,,,,,,
tw,Arena of Valor,Multiplayer Online Battle Arena,,,,,,,,,,,,,,
kr,Arena of Valor,Multiplayer Online Battle Arena,,,,,,,,,,,,,,
kr,Arena of Valor,Multiplayer Online Battle Arena,,,,,,,,,,,,,,
kr,Arena of Valor,Multiplayer Online Battle Arena,,,,,,,,,,,,,,
my,Arena of Valor,Multiplayer Online Battle Arena,,,,,,,,,,,,,,
kr,Arena of Valor,Multiplayer Online Battle Arena,,,,,,,,,,,,,,
th,Arena of Valor,Multiplayer Online Battle Arena,,,,,,,,,,,,,,
cn,Arena of Valor,Multiplayer Online Battle Arena,,,,,,,,,,,,,,
th,Arena of Valor,Multiplayer Online Battle Arena,,,,,,,,,,,,,,
cn,Arena of Valor,Multiplayer Online Battle Arena,,,,,,,,,,,,,,
tw,Arena of Valor,Multiplayer Online Battle Arena,,,,,,,,,,,,,,
tw,Arena of Valor,Multiplayer Online Battle Arena,,,,,,,,,,,,,,
tw,Arena of Valor,Multiplayer Online Battle Arena,,,,,,,,,,,,,,
tw,Arena of Valor,Multiplayer Online Battle Arena,,,,,,,,,,,,,,
th,Arena of Valor,Multiplayer Online Battle Arena,,,,,,,,,,,,,,
cn,Arena of Valor,Multiplayer Online Battle Arena,,,,,,,,,,,,,,
nl,Hearthstone,Collectible Card Game,,,,,,,,,,,,,,
tw,Hearthstone,Collectible Card Game,,,,,,,,,,,,,,
ru,Hearthstone,Collectible Card Game,,,,,,,,,,,,,,
no,Hearthstone,Collectible Card Game,,,,,,,,,,,,,,
kr,Hearthstone,Collectible Card Game,,,,,,,,,,,,,,
de,Hearthstone,Collectible Card Game,,,,,,,,,,,,,,
cn,Hearthstone,Collectible Card Game,,,,,,,,,,,,,,
cn,Hearthstone,Collectible Card Game,,,,,,,,,,,,,,
se,Hearthstone,Collectible Card Game,,,,,,,,,,,,,,
us,Hearthstone,Collectible Card Game,,,,,,,,,,,,,,
us,Hearthstone,Collectible Card Game,,,,,,,,,,,,,,
ua,Hearthstone,Collectible Card Game,,,,,,,,,,,,,,
us,Hearthstone,Collectible Card Game,,,,,,,,,,,,,,
jp,Hearthstone,Collectible Card Game,,,,,,,,,,,,,,
cn,Hearthstone,Collectible Card Game,,,,,,,,,,,,,,
us,Hearthstone,Collectible Card Game,,,,,,,,,,,,,,
de,Hearthstone,Collectible Card Game,,,,,,,,,,,,,,
ca,Hearthstone,Collectible Card Game,,,,,,,,,,,,,,
ua,Hearthstone,Collectible Card Game,,,,,,,,,,,,,,
ro,Hearthstone,Collectible Card Game,,,,,,,,,,,,,,
ph,Hearthstone,Collectible Card Game,,,,,,,,,,,,,,
dk,Hearthstone,Collectible Card Game,,,,,,,,,,,,,,
ru,Hearthstone,Collectible Card Game,,,,,,,,,,,,,,
us,Hearthstone,Collectible Card Game,,,,,,,,,,,,,,
cn,Hearthstone,Collectible Card Game,,,,,,,,,,,,,,
cz,Hearthstone,Collectible Card Game,,,,,,,,,,,,,,
de,Hearthstone,Collectible Card Game,,,,,,,,,,,,,,
tr,Hearthstone,Collectible Card Game,,,,,,,,,,,,,,
se,Hearthstone,Collectible Card Game,,,,,,,,,,,,,,
us,Hearthstone,Collectible Card Game,,,,,,,,,,,,,,
ca,Hearthstone,Collectible Card Game,,,,,,,,,,,,,,
cn,Hearthstone,Collectible Card Game,,,,,,,,,,,,,,
de,Hearthstone,Collectible Card Game,,,,,,,,,,,,,,
kr,Hearthstone,Collectible Card Game,,,,,,,,,,,,,,
kr,Hearthstone,Collectible Card Game,,,,,,,,,,,,,,
cn,Hearthstone,Collectible Card Game,,,,,,,,,,,,,,
cn,Hearthstone,Collectible Card Game,,,,,,,,,,,,,,
cn,Hearthstone,Collectible Card Game,,,,,,,,,,,,,,
de,Hearthstone,Collectible Card Game,,,,,,,,,,,,,,
fr,Hearthstone,Collectible Card Game,,,,,,,,,,,,,,
ua,Hearthstone,Collectible Card Game,,,,,,,,,,,,,,
ru,Hearthstone,Collectible Card Game,,,,,,,,,,,,,,
us,Hearthstone,Collectible Card Game,,,,,,,,,,,,,,
ca,Hearthstone,Collectible Card Game,,,,,,,,,,,,,,
us,Hearthstone,Collectible Card Game,,,,,,,,,,,,,,
us,Hearthstone,Collectible Card Game,,,,,,,,,,,,,,
ca,Hearthstone,Collectible Card Game,,,,,,,,,,,,,,
cn,Hearthstone,Collectible Card Game,,,,,,,,,,,,,,
ca,Hearthstone,Collectible Card Game,,,,,,,,,,,,,,
kr,Hearthstone,Collectible Card Game,,,,,,,,,,,,,,
tw,Hearthstone,Collectible Card Game,,,,,,,,,,,,,,
gr,Hearthstone,Collectible Card Game,,,,,,,,,,,,,,
us,Hearthstone,Collectible Card Game,,,,,,,,,,,,,,
cn,Hearthstone,Collectible Card Game,,,,,,,,,,,,,,
tw,Hearthstone,Collectible Card Game,,,,,,,,,,,,,,
pl,Hearthstone,Collectible Card Game,,,,,,,,,,,,,,
tw,Hearthstone,Collectible Card Game,,,,,,,,,,,,,,
jp,Hearthstone,Collectible Card Game,,,,,,,,,,,,,,
fr,Hearthstone,Collectible Card Game,,,,,,,,,,,,,,
ar,Hearthstone,Collectible Card Game,,,,,,,,,,,,,,
hk,Hearthstone,Collectible Card Game,,,,,,,,,,,,,,
gb,Hearthstone,Collectible Card Game,,,,,,,,,,,,,,
us,Hearthstone,Collectible Card Game,,,,,,,,,,,,,,
kz,Hearthstone,Collectible Card Game,,,,,,,,,,,,,,
nl,Hearthstone,Collectible Card Game,,,,,,,,,,,,,,
de,Hearthstone,Collectible Card Game,,,,,,,,,,,,,,
ca,Hearthstone,Collectible Card Game,,,,,,,,,,,,,,
jp,Hearthstone,Collectible Card Game,,,,,,,,,,,,,,
de,Hearthstone,Collectible Card Game,,,,,,,,,,,,,,
cn,Hearthstone,Collectible Card Game,,,,,,,,,,,,,,
us,Hearthstone,Collectible Card Game,,,,,,,,,,,,,,
us,Hearthstone,Collectible Card Game,,,,,,,,,,,,,,
ar,Hearthstone,Collectible Card Game,,,,,,,,,,,,,,
us,Hearthstone,Collectible Card Game,,,,,,,,,,,,,,
cn,Hearthstone,Collectible Card Game,,,,,,,,,,,,,,
cn,Hearthstone,Collectible Card Game,,,,,,,,,,,,,,
gb,Hearthstone,Collectible Card Game,,,,,,,,,,,,,,
cz,Hearthstone,Collectible Card Game,,,,,,,,,,,,,,
kr,Hearthstone,Collectible Card Game,,,,,,,,,,,,,,
kr,Hearthstone,Collectible Card Game,,,,,,,,,,,,,,
fr,Hearthstone,Collectible Card Game,,,,,,,,,,,,,,
nl,Hearthstone,Collectible Card Game,,,,,,,,,,,,,,
ca,Hearthstone,Collectible Card Game,,,,,,,,,,,,,,
hk,Hearthstone,Collectible Card Game,,,,,,,,,,,,,,
us,Hearthstone,Collectible Card Game,,,,,,,,,,,,,,
de,Hearthstone,Collectible Card Game,,,,,,,,,,,,,,
cn,Hearthstone,Collectible Card Game,,,,,,,,,,,,,,
kr,Hearthstone,Collectible Card Game,,,,,,,,,,,,,,
ca,Hearthstone,Collectible Card Game,,,,,,,,,,,,,,
hk,Hearthstone,Collectible Card Game,,,,,,,,,,,,,,
cn,Hearthstone,Collectible Card Game,,,,,,,,,,,,,,
dk,Hearthstone,Collectible Card Game,,,,,,,,,,,,,,
us,Hearthstone,Collectible Card Game,,,,,,,,,,,,,,
cn,Hearthstone,Collectible Card Game,,,,,,,,,,,,,,
de,Hearthstone,Collectible Card Game,,,,,,,,,,,,,,
fi,Hearthstone,Collectible Card Game,,,,,,,,,,,,,,
us,Hearthstone,Collectible Card Game,,,,,,,,,,,,,,
it,Hearthstone,Collectible Card Game,,,,,,,,,,,,,,
us,Hearthstone,Collectible Card Game,,,,,,,,,,,,,,
se,Hearthstone,Collectible Card Game,,,,,,,,,,,,,,
