number,name,earnings in USD,Number of major tournaments won,Number of second place placing,number of third place placings,number of regional tournaments won
1,Faker,"$1,427,854",17,8,3,16
2,Duke,"$1,202,577",10,2,5,8
3,Bang,"$1,059,518",9,5,2,9
4,Wolf,"$1,051,271",9,7,1,9
5,Bengi,"$926,920",9,1,3,8
6,JackeyLove,"$841,011",9,3,2,5
7,Blank,"$788,813",5,5,2,5
8,Rookie,"$735,323",7,5,6,4
9,Ning,"$696,766",5,3,4,3
9,Baolan,"$696,766",6,3,4,3
11,CoreJJ,"$693,970",8,6,2,3
12,TheShy,"$682,222",5,3,3,3
13,Ruler,"$617,778",6,6,2,1
14,Karsa,"$602,265",11,3,1,9
15,Ambition,"$596,773",8,6,2,2
16,CuVee,"$562,064",5,3,1,1
17,Xiaohu,"$561,445",11,3,0,8
18,Caps,"$558,116",11,3,4,9
19,Crown,"$552,863",5,3,2,1
20,Impact,"$541,275",10,5,3,8
21,Peanut,"$525,225",5,12,0,4
22,Uzi,"$495,672",7,5,0,4
23,Mata,"$489,788",9,5,5,7
24,Mlxg,"$482,744",8,2,0,6
25,Perkz,"$462,879",12,6,2,11
26,sOAZ,"$446,848",12,11,2,6
27,Rekkles,"$429,894",9,11,6,5
28,Letme,"$428,568",7,2,0,5
29,Ming,"$411,938",10,3,0,6
30,PawN,"$404,876",8,4,5,4
31,Haru,"$398,624",4,0,1,2
32,Wunder,"$396,995",10,3,1,7
33,PraY,"$392,085",5,8,1,4
34,Huni,"$379,348",5,4,5,4
35,Jankos,"$376,131",7,3,4,6
36,Hylissang,"$359,816",5,10,3,3
37,GorillA,"$354,840",4,10,1,3
38,Broxah,"$353,940",6,3,4,4
39,Doinb,"$348,801",3,7,6,3
40,Khan,"$343,057",7,6,1,6
41,Clearlove,"$342,805",7,3,2,5
42,Looper,"$333,323",3,1,2,2
43,Imp,"$329,670",4,4,5,3
44,Bwipo,"$329,179",5,4,1,4
45,Meiko,"$323,588",10,3,3,5
46,Deft,"$321,843",8,8,5,5
47,Jensen,"$319,198",7,6,1,3
48,Smeb,"$314,079",4,7,3,2
49,Tian,"$307,904",2,4,2,2
50,Doublelift,"$306,413",10,9,2,9
51,Crisp,"$305,774",2,3,2,2
51,Lwx,"$305,774",2,3,2,2
53,Kuro,"$292,392",2,6,3,1
54,Mikyx,"$290,751",7,2,1,6
55,Easyhoon,"$286,004",4,1,0,3
56,Svenskeren,"$284,614",5,6,2,4
57,SwordArT,"$277,215",7,2,6,5
58,GimGoon,"$276,048",2,1,3,2
59,Zven,"$272,868",8,10,1,5
60,Sneaky,"$266,973",8,7,0,3
61,DanDy,"$265,858",3,2,3,2
62,Piglet,"$265,128",4,0,4,3
63,MaRin,"$264,796",3,1,1,3
64,Xmithie,"$256,174",6,6,2,6
65,PoohManDu,"$252,967",4,0,2,3
66,Scout,"$251,032",6,2,3,4
67,Bjergsen,"$250,259",9,9,1,7
68,ShowMaker,"$246,344",7,1,1,4
69,mithy,"$243,179",8,11,1,4
70,Canyon,"$241,906",6,1,1,4
71,ping,"$239,841",0,1,0,0
72,BeryL,"$234,419",7,1,1,4
73,Bdd,"$226,805",3,6,1,2
74,Nuguri,"$221,360",5,1,1,3
75,knight,"$220,609",3,5,1,2
76,369,"$214,594",3,4,1,2
77,BeBe,"$211,514",1,0,3,1
78,LokeN,"$207,782",4,5,4,1
79,xiye,"$207,039",4,2,1,2
80,Clid,"$206,390",5,2,3,3
81,Ghost,"$205,760",4,1,1,3
82,Toyz,"$202,560",1,1,1,1
83,Lilballz,"$202,160",1,1,1,1
83,Stanley,"$202,160",1,1,1,1
83,MiSTakE,"$202,160",1,1,1,1
86,Mystic,"$201,410",4,1,2,2
87,Zero,"$198,835",2,1,0,2
88,Mouse,"$195,910",4,2,2,4
89,QiuQiu,"$194,285",1,2,1,1
90,Ben,"$193,705",3,2,2,1
91,Cuzz,"$193,048",4,4,1,4
92,Maple,"$189,827",7,2,4,5
93,LvMao,"$188,058",2,3,4,1
93,Yagao,"$188,058",2,3,4,1
93,Zoom,"$188,058",2,3,4,1
96,Ryu,"$187,402",2,3,6,2
97,Expect,"$184,903",5,3,0,3
98,yuyanjia,"$183,623",3,1,1,2
99,Trick,"$182,178",4,3,2,4
100,Nuclear,"$181,667",3,1,1,1
101,promisq,"$181,609",3,1,0,1
102,YellOwStaR,"$181,049",7,8,2,5
103,Blaber,"$181,013",5,3,0,2
104,Wraith,"$177,569",1,1,1,0
105,WildTurtle,"$176,308",5,6,3,4
106,Condi,"$175,023",3,0,1,2
107,Spirit,"$169,952",2,5,5,1
108,iBoy,"$163,854",5,1,1,2
109,Korol,"$162,225",2,2,3,2
110,Licorice,"$161,313",2,5,0,1
111,Zz1tai,"$161,109",5,3,2,3
112,Odoamne,"$154,209",6,2,7,1
113,Rascal,"$153,727",3,5,2,2
114,xPeke,"$153,709",10,7,1,4
115,Flame,"$150,598",3,4,1,3
116,Hoit,"$148,952",1,0,1,0
117,Betty,"$148,697",7,0,4,6
118,Diamondprox,"$144,376",9,5,1,1
119,Score,"$144,323",3,9,5,2
120,Kanavi,"$142,342",1,2,2,1
121,Hauntzer,"$139,500",4,2,1,4
122,inSec,"$139,324",3,2,1,2
123,Zeyzal,"$138,253",3,6,2,0
124,Meteos,"$135,660",4,4,1,2
125,Biofrost,"$134,990",5,0,2,5
126,Dyrus,"$134,031",6,9,0,3
127,Ssumday,"$132,446",2,5,1,1
128,Rey,"$129,485",3,2,1,1
129,Teddy,"$128,750",4,0,0,4
130,Santorin,"$128,057",6,4,0,1
131,MMD,"$126,793",5,1,1,5
132,Vander,"$125,977",1,2,4,0
133,ZionSpartan,"$124,265",2,7,2,2
134,Alphari,"$123,777",4,4,0,1
135,Chovy,"$123,414",3,4,3,1
136,Moyu,"$123,195",0,2,1,0
137,SofM,"$119,700",1,2,1,0
138,West,"$118,974",2,2,1,1
139,PowerOfEvil,"$117,830",1,7,5,0
140,huanfeng,"$114,336",2,1,1,0
141,dade,"$113,967",2,2,1,2
142,Kramer,"$113,854",0,3,2,0
143,Cyanide,"$110,153",7,5,1,4
144,Acorn,"$109,282",2,2,0,2
145,Haro,"$109,047",3,2,1,1
146,TusiN,"$108,129",1,3,3,1
147,Levi,"$107,077",8,5,0,0
148,Able,"$106,919",3,0,0,2
149,aphromoo,"$104,115",2,5,2,2
150,IgNar,"$103,331",1,3,3,0
151,Humanoid,"$103,204",4,1,1,1
152,Lustboy,"$102,509",6,3,0,3
153,PvPStejos,"$101,895",6,3,0,0
154,Shy,"$100,948",1,5,1,0
155,Hanabi,"$100,198",6,1,2,3
156,ON,"$99,988",0,0,1,0
156,Bin,"$99,988",1,1,2,0
156,View,"$99,988",0,0,1,0
159,Angel,"$99,677",2,2,1,0
160,Effort,"$99,479",2,1,0,2
161,Evi,"$99,105",8,4,3,1
162,Wuxx,"$98,940",2,1,2,1
163,MadLife,"$98,606",2,6,1,0
164,Upset,"$98,459",0,2,2,0
165,Pobelter,"$97,025",3,2,3,3
166,Ceros,"$96,605",10,7,1,1
166,Yutapon,"$96,605",10,6,1,1
168,Watch,"$96,297",1,3,0,1
169,Amazing,"$95,969",4,4,1,1
170,MikeYeung,"$95,600",3,2,0,1
171,FORG1VEN,"$95,379",1,0,1,0
172,AmazingJ,"$95,043",2,2,0,0
173,Steal,"$94,540",7,3,1,1
174,Nemesis,"$94,428",7,4,1,1
175,GALA,"$93,907",3,1,0,2
176,Hans sama,"$93,729",3,2,1,0
177,Alex Ich,"$93,049",4,4,1,1
178,Kirrrra,"$92,914",6,3,0,0
179,FEBIVEN,"$92,125",7,5,2,2
180,Kiin,"$90,451",1,3,2,0
181,XLB,"$90,303",2,0,0,0
182,Shoryu,"$90,200",2,4,0,0
183,Woolite,"$88,586",14,8,1,0
184,Genja,"$88,300",4,2,1,1
184,Darien,"$88,300",4,2,1,1
186,Hai,"$87,649",4,2,1,2
187,LemonNation,"$87,249",4,2,0,2
188,Froggen,"$86,513",4,1,2,1
189,Smoothie,"$86,360",3,6,1,1
190,P1noy,"$85,844",7,3,1,1
191,Fireloli,"$84,824",1,1,1,1
192,Flawless,"$84,429",1,4,1,1
193,Ziv,"$84,097",0,3,2,0
194,Balls,"$83,500",4,2,1,2
195,Kikis,"$83,018",4,5,6,1
196,KaKAO,"$82,348",3,3,5,1
197,Cryin,"$82,314",3,0,0,2
198,Gaeng,"$82,281",5,1,2,0
199,Viper,"$82,059",3,3,2,1
200,Mowgli,"$81,549",1,1,2,0
201,Arrow,"$80,700",5,3,2,2
202,Athena,"$80,401",2,2,0,0
203,Westdoor,"$78,313",0,2,1,0
204,Wei,"$77,956",2,0,0,2
205,Sword,"$77,590",3,3,1,1
206,y4,"$77,527",2,1,0,2
207,Life,"$76,871",1,3,1,0
208,Vizicsacsi,"$76,607",1,10,2,0
209,Xiaobai,"$76,340",1,0,0,1
210,Xpecial,"$76,040",4,6,4,1
211,Wickd,"$76,037",2,3,4,1
212,Doran,"$74,852",1,2,1,0
213,MagiFelix,"$74,236",13,5,1,1
214,Nisqy,"$73,214",2,7,2,1
215,Olleh,"$72,994",2,4,0,2
216,An,"$72,847",0,2,2,0
217,705,"$72,451",2,0,0,1
218,Cain,"$72,097",1,1,0,1
219,Insanity,"$71,613",0,0,0,0
220,RapidStar,"$71,547",0,3,0,0
221,huhi,"$71,291",1,4,1,1
222,Hojin,"$71,222",0,2,1,0
223,Stixxay,"$70,515",1,3,3,1
224,Tactical,"$70,171",3,3,1,0
225,Smurf,"$69,882",2,4,0,0
226,Albis,"$69,643",0,2,1,0
227,Jinjiao,"$68,925",0,3,0,0
228,Mountain,"$68,531",0,2,1,0
229,TheOddOne,"$68,040",4,6,2,1
230,Jenkins,"$67,925",2,0,0,0
231,Reignover,"$67,770",2,0,2,2
232,LANGX,"$67,726",1,2,1,0
233,Lehends,"$67,276",3,3,1,1
234,Reginald,"$67,040",4,5,2,1
235,K1ng,"$66,714",8,2,1,1
236,V1per,"$66,600",4,1,0,0
237,Leyan,"$66,489",3,0,0,0
238,Tarzan,"$65,239",3,3,1,1
239,Kobbe,"$64,931",2,2,3,0
240,NaMei,"$64,837",1,1,0,1
241,Selfmade,"$63,940",5,3,0,0
242,SaNTaS,"$63,741",7,4,0,0
243,GodLike,"$63,583",0,1,1,0
244,Heart,"$63,444",1,1,0,1
245,Woong,"$63,255",0,3,0,0
246,Nagne,"$62,287",0,1,0,0
247,Vulcan,"$62,063",4,1,0,2
248,Carzzy,"$61,950",5,1,1,1
249,Corn,"$61,930",0,1,0,0
250,Morning,"$61,880",2,1,3,2
251,Aodi,"$61,570",2,0,0,2
252,Naul,"$61,554",4,4,1,0
253,Hjarnan,"$61,043",9,9,7,0
254,Jactroll,"$61,041",3,2,2,0
255,Slay,"$60,702",4,1,1,0
256,NL,"$60,675",1,0,0,0
257,Joey,"$60,305",1,0,0,0
258,Cool,"$59,990",0,0,1,0
259,Palette,"$59,918",3,3,1,0
260,Koala,"$59,895",2,2,3,1
261,Kaiser,"$59,614",5,2,3,1
262,Krepo,"$59,445",1,1,1,0
263,Stark,"$59,209",5,2,2,0
264,Maxlore,"$58,913",1,1,1,0
265,Archie,"$58,371",4,2,1,0
266,Crazy,"$58,301",2,0,0,0
267,nRated,"$58,093",4,3,2,2
268,Xerxe,"$58,027",1,3,3,1
269,Chasy,"$57,906",3,0,0,0
270,Hope,"$57,741",0,1,0,0
271,iBo,"$57,553",9,7,1,0
272,Likkrit,"$57,455",2,3,0,0
273,Jiizuke,"$56,764",1,0,2,0
274,G4,"$56,678",8,3,2,0
275,BOSS,"$56,039",7,1,0,0
276,Ley,"$55,724",1,1,2,1
277,Lloyd,"$55,178",8,3,2,0
278,brTT,"$54,561",7,7,4,1
279,BrokenBlade,"$54,035",2,5,0,2
280,AnDa,"$54,025",5,1,0,0
281,Fudge,"$53,725",4,2,0,1
282,Kid,"$53,699",1,3,2,0
283,Armao,"$53,600",2,2,1,0
284,Shernfire,"$53,536",5,1,1,1
285,Attila,"$53,451",4,0,1,0
286,Chawy,"$53,326",0,3,2,0
287,Cola,"$53,183",0,1,0,0
288,Nomanz,"$52,949",7,1,0,0
289,Treatz,"$52,859",1,4,3,0
290,Killua,"$52,738",1,2,2,1
291,Moojin,"$52,721",2,1,1,2
292,Orome,"$52,481",3,2,2,0
293,AHaHaCiK,"$52,457",7,1,0,0
294,Flandre,"$52,292",0,1,1,0
295,Gori,"$52,127",2,0,0,1
296,san,"$51,767",0,1,0,0
296,LoveLing,"$51,767",0,1,0,0
296,Gogoing,"$51,767",0,1,0,0
299,Roach,"$51,543",2,4,0,1
300,Keria,"$50,873",0,1,1,0
301,Wh1t3zZ,"$50,820",0,1,0,0
302,Cabochard,"$50,759",1,3,1,0
303,aMiracle,"$50,618",2,1,0,0
304,XuanXuanPi,"$50,545",1,0,0,1
305,Snoopeh,"$50,505",1,2,3,0
306,U,"$50,471",1,1,0,1
307,Lucky,"$50,400",0,1,0,0
307,Tabe,"$50,400",0,1,0,0
309,Bigkoro,"$50,072",2,3,1,0
310,nukeduck,"$50,024",2,7,1,1
311,Pyl,"$49,822",1,1,1,1
312,Gilius,"$49,769",2,2,4,0
313,Denyk,"$49,614",3,6,0,0
314,Gadget,"$49,574",5,4,1,0
315,Rockky,"$49,396",6,1,1,0
316,Kaiwing,"$49,178",5,1,1,0
317,Ramune,"$48,698",6,0,2,1
318,Jesiz,"$48,639",2,2,5,0
319,Yellowpete,"$48,625",1,1,2,0
320,Zeros,"$48,254",3,2,1,0
321,Oddie,"$48,045",7,1,3,0
322,Piccaboo,"$47,863",1,1,0,1
323,Larssen,"$47,364",1,4,1,0
324,delord,"$47,253",9,4,2,0
325,Shemek,"$47,026",12,6,3,0
326,GODV,"$47,005",1,1,0,1
327,Zanzarah,"$46,840",3,8,1,0
328,Tolkin,"$46,683",8,3,2,0
329,Kold,"$46,111",5,2,1,1
330,MaKNooN,"$46,079",1,2,0,1
331,Kongyue,"$45,742",0,2,3,0
332,Optimus,"$45,675",6,1,2,0
333,Pyosik,"$45,654",0,1,1,0
334,baybay,"$45,400",0,2,2,0
335,Cody Sun,"$45,263",1,3,0,0
336,Bugi,"$45,246",2,1,2,1
337,Neon,"$45,166",3,4,0,0
338,xMatty,"$45,093",20,7,4,0
339,Road,"$45,089",0,2,1,0
340,Uniboy,"$44,842",0,2,4,0
341,Expession,"$44,838",0,0,0,0
342,Fly,"$44,815",3,3,2,0
343,Ggoong,"$44,527",0,3,0,0
344,Kellin,"$44,439",0,2,1,0
345,Crash,"$44,372",2,0,2,0
345,PK,"$44,372",2,5,4,0
347,xiaohan,"$44,330",0,0,0,0
348,Unified,"$44,243",5,1,1,0
349,SOLKA,"$43,924",0,0,1,0
350,Slow,"$43,762",6,3,1,0
351,Leo,"$43,399",0,1,0,0
352,Matt,"$43,013",0,1,0,0
353,Hard,"$43,000",0,1,0,0
354,Saken,"$42,905",6,6,3,0
355,Dan,"$42,572",8,2,2,0
356,Plugo,"$42,395",6,3,1,0
357,Tabzz,"$42,035",1,2,0,1
358,SMILEY,"$41,904",3,6,3,0
359,Lost,"$41,792",0,3,5,0
360,Prince,"$41,763",1,1,1,0
361,Chres,"$41,680",4,2,2,0
362,Punch,"$41,639",1,3,1,0
363,Swift,"$41,589",0,2,2,0
364,Jejky,"$41,431",7,2,0,0
365,Inspired,"$41,425",1,5,3,0
366,Cpt Jack,"$41,311",3,3,0,1
367,Xx,"$41,151",0,4,1,0
368,Obsess,"$40,984",3,5,2,0
369,Sebekx,"$40,952",9,3,0,0
370,WeiXiao,"$40,876",5,0,0,1
371,Xuhao,"$40,718",1,0,1,0
372,Nyph,"$40,480",1,1,1,1
373,Tierwulf,"$40,473",5,2,0,0
374,Mash,"$40,375",1,2,0,0
375,ShiauC,"$40,148",2,0,1,2
376,fabFabulous,"$40,120",5,3,0,2
377,puszu,"$40,000",1,0,0,1
378,Solo,"$39,925",2,2,0,0
379,Targamas,"$39,822",12,3,5,0
380,Save,"$39,781",0,2,1,0
381,Spica,"$39,675",1,2,1,1
382,Stomaged,"$39,570",5,3,0,2
383,micaO,"$39,506",6,4,0,1
384,Keith,"$39,400",1,4,1,0
385,Stitch,"$38,976",2,1,2,0
386,tockers,"$38,950",6,3,0,2
387,Smlz,"$38,735",1,1,3,1
388,Meliodas,"$38,732",2,0,1,0
389,LIDER,"$38,690",3,3,0,0
390,Misaya,"$38,676",4,0,0,1
391,Eika,"$38,458",12,5,2,0
392,Wink,"$38,403",0,0,0,0
393,Mickey,"$38,343",1,0,2,0
394,SSONG,"$38,279",1,1,0,1
395,Seiya,"$38,245",6,1,3,0
396,Nardeus,"$38,117",4,0,0,0
397,Chaox,"$38,040",2,3,2,0
398,Steak,"$38,000",1,0,0,0
399,Mark,"$37,399",2,1,0,0
400,Tom,"$37,359",2,0,0,2
401,Beichuan,"$36,866",0,2,0,0
402,Lodik,"$36,806",4,2,0,0
403,Doxy,"$36,544",4,6,1,0
404,TynX,"$36,465",5,3,2,0
405,loulex,"$36,166",1,0,2,1
406,GuGer,"$36,071",2,6,0,0
407,Atlen,"$36,005",3,0,1,2
408,Revolta,"$35,771",5,4,5,2
409,RangJun,"$35,682",0,0,0,0
410,Voyboy,"$35,450",3,3,3,0
411,Steeelback,"$35,301",7,1,0,1
412,Diamond,"$35,200",2,1,1,0
413,Bando,"$35,176",6,7,2,0
414,Coco,"$34,962",0,1,2,0
415,M1ssion,"$34,535",3,1,2,0
416,Fix,"$34,523",5,4,0,0
417,Helios,"$34,482",3,3,0,1
418,OddOrange,"$34,450",1,2,1,0
419,HotshotGG,"$34,380",3,3,3,0
420,Liang,"$34,317",0,3,3,0
421,kaSing,"$34,269",4,7,6,0
422,Inori,"$34,000",2,0,1,0
423,Fanatiik,"$33,842",1,3,2,0
424,Yang,"$33,740",6,5,0,2
425,Ucal,"$33,681",1,1,1,1
426,Noway,"$33,625",3,4,3,0
427,FZZF,"$33,600",1,0,0,0
428,River,"$33,517",4,2,1,0
429,Triple,"$33,434",5,2,0,1
430,ADD,"$33,407",0,2,0,0
431,Kabbie,"$33,333",1,0,0,0
432,Nite,"$33,237",4,2,4,0
433,Tonerre,"$33,233",10,4,6,0
434,Cloud,"$33,232",0,0,0,0
435,Deftly,"$33,213",0,3,0,0
436,Zefa,"$33,047",0,2,0,0
437,Mafa,"$32,986",1,1,2,1
438,Tabasko,"$32,922",6,2,4,0
439,Rather,"$32,894",2,1,1,1
440,Bluerzor,"$32,885",10,6,5,0
441,Frozen,"$32,881",2,2,0,1
442,Goldenglue,"$32,800",1,2,1,0
443,Send0o,"$32,775",8,11,2,1
444,Kami,"$32,672",2,3,4,0
445,SSol,"$32,558",1,3,1,0
446,Jockster,"$32,369",4,3,0,1
447,BaeMe,"$32,125",0,0,0,0
448,Chauster,"$31,980",2,3,3,0
449,NaeHyun,"$31,976",2,2,1,2
450,Asza,"$31,971",7,3,2,0
451,Tore,"$31,944",2,1,0,0
452,Bvoy,"$31,915",0,3,0,0
453,Armut,"$31,826",3,0,0,1
454,SnowFlower,"$31,476",4,0,1,1
455,Jiejie,"$31,360",0,1,3,0
456,kRYST4L,"$31,352",0,1,0,0
457,Lilv,"$31,067",1,2,3,1
458,Phones,"$30,983",1,5,5,0
459,K,"$30,973",0,2,3,0
459,Breeze,"$30,973",0,2,3,0
461,YiJin,"$30,872",3,2,3,0
462,Bo,"$30,670",0,1,0,0
463,Canna,"$30,636",1,1,0,1
464,Gemini,"$30,539",1,2,2,0
465,Crownshot,"$30,531",8,6,1,0
466,ZaZee,"$30,461",5,2,0,0
467,Djoko,"$30,280",9,4,0,0
468,Key,"$30,095",2,0,0,0
469,IWillDominate,"$30,000",0,3,4,0
470,Blasting,"$29,902",3,1,0,0
471,Zeitnot,"$29,895",5,3,0,2
472,Ellim,"$29,759",3,1,0,1
473,Warangelus,"$29,660",2,5,1,0
474,Keduii,"$29,649",4,6,2,0
475,Palafox,"$29,400",3,1,0,0
476,SirT,"$29,351",2,3,3,0
477,Robo,"$29,341",6,3,1,1
478,Dhokla,"$29,275",2,2,2,0
479,Lucas,"$29,269",2,0,0,0
480,Czekolad,"$29,232",3,1,1,0
481,Kumo,"$29,200",1,2,1,0
482,Dreams,"$29,178",3,3,0,0
483,Rest,"$29,099",1,1,3,1
484,Innaxe,"$29,086",4,7,0,0
485,FoFo,"$29,081",1,1,3,1
486,Rich,"$29,014",3,2,0,0
487,Rikara,"$29,000",2,0,0,0
488,Don Arts,"$28,990",4,2,1,0
489,Finn,"$28,967",1,2,3,0
490,Kreox,"$28,670",1,3,0,0
491,Szygenda,"$28,660",4,3,1,0
492,Rush,"$28,596",1,0,1,1
493,Comp,"$28,451",8,3,1,0
494,Isles,"$28,450",2,2,0,0
495,Hana,"$28,438",1,0,1,1
496,Adrian,"$28,400",1,2,4,0
497,Profit,"$28,366",2,0,0,1
498,AKi,"$28,319",0,0,1,0
499,Agresivoo,"$28,210",4,4,4,0
500,Copy,"$28,120",2,4,0,0
501,Voidle,"$28,052",2,2,2,0
502,Exile,"$28,005",2,7,2,0
503,Elyoya,"$27,948",2,1,0,1
504,Kiaya,"$27,883",2,2,1,0
505,Pretty,"$27,860",9,2,1,0
506,Aiming,"$27,810",0,2,1,0
507,Homme,"$27,787",1,1,1,1
508,CaoMei,"$27,776",2,0,0,0
509,WhiteLotus,"$27,760",5,0,1,0
509,Space,"$27,760",0,2,1,0
511,Moopz,"$27,592",8,6,4,0
512,Chei,"$27,573",0,1,0,0
513,Dan Dan,"$27,546",6,6,1,0
514,Conan,"$27,451",2,0,1,0
515,Mylon,"$27,408",3,2,2,0
516,Bigfatlp,"$27,280",2,3,1,0
517,Ranger,"$27,063",3,1,1,1
518,Nukes,"$27,027",4,4,1,0
519,Candy,"$27,000",3,1,0,0
520,Noway4u,"$26,998",6,3,1,0
521,Shlatan,"$26,969",5,5,0,0
522,RedBert,"$26,862",4,2,1,0
523,Forge,"$26,844",2,0,0,0
524,Duan,"$26,690",1,0,0,0
525,Benny,"$26,621",0,1,2,0
526,Dioud,"$26,588",2,1,3,0
527,Sya,"$26,581",2,2,1,0
528,Toaster,"$26,551",6,7,3,0
529,Sertuss,"$26,509",3,3,2,0
530,Aluka,"$26,251",0,1,1,0
531,Jay,"$26,232",1,1,2,0
532,Evolved,"$26,200",1,2,0,0
533,Buggax,"$26,186",3,0,1,0
534,TitaN,"$26,023",6,0,1,1
535,Tank,"$25,992",0,3,1,0
536,Raxxo,"$25,905",2,8,2,0
537,HustlinbeasT,"$25,901",5,5,6,0
538,Sharp,"$25,896",3,0,3,0
539,Nevan,"$25,861",2,1,0,0
540,Nate,"$25,736",5,6,0,0
541,Kuzan,"$25,732",1,1,0,0
542,Ronop,"$25,651",3,1,2,0
543,dyNquedo,"$25,518",3,0,3,1
544,Garvey,"$25,494",0,1,0,0
545,Vasilii,"$25,491",0,0,1,0
546,Skeanz,"$25,400",5,6,3,0
547,Enso,"$25,336",0,0,1,0
548,Teeen,"$25,309",0,0,1,0
549,Brandini,"$25,200",3,2,0,0
550,cvMax,"$25,177",1,1,0,1
551,Xiyang,"$25,155",1,1,1,1
551,scarra,"$25,100",1,3,5,0
553,Imaqtpie,"$25,100",1,3,5,0
554,Paz,"$25,031",4,5,3,1
555,Chippys,"$24,912",4,2,4,0
556,Trymbi,"$24,856",2,2,0,0
557,Winston,"$24,840",4,2,2,0
558,Blanc,"$24,824",1,0,0,1
559,Shadow,"$24,770",1,1,1,0
560,Sangyoon,"$24,759",1,1,1,0
561,Move,"$24,700",3,1,0,1
562,Pridestalkr,"$24,675",0,1,3,0
563,Zantins,"$24,486",4,0,0,1
564,CandyPanda,"$24,480",0,2,2,0
565,Shook,"$24,450",1,0,0,1
566,Wardain,"$24,342",0,2,1,0
567,Pilot,"$24,274",1,0,1,0
568,PDD,"$24,180",1,1,0,0
569,NikSar,"$24,172",1,0,0,0
570,Cinkrof,"$24,171",4,4,2,0
571,Untara,"$24,063",0,1,0,0
572,Big,"$24,000",4,0,0,0
573,WhiteKnight,"$23,949",4,1,0,0
574,Lurox,"$23,934",2,3,4,0
575,Deádly,"$23,921",4,6,1,0
576,Kingen,"$23,910",1,0,0,1
577,Sky,"$23,792",1,0,1,1
578,TinOwns,"$23,787",6,4,0,0
579,Damonte,"$23,763",1,2,2,0
580,Kaas,"$23,727",7,1,2,0
581,GBM,"$23,725",3,1,0,1
582,Abbedagge,"$23,546",2,2,2,1
583,Thaldrin,"$23,477",5,0,0,1
583,Zhuo,"$23,353",2,0,0,0
583,illuSioN,"$23,300",1,1,0,0
586,Xico,"$23,284",2,2,1,0
587,Y1han,"$23,228",0,1,0,0
588,Sacre,"$23,147",5,4,1,0
589,Riyev,"$23,121",4,0,0,1
590,Mia,"$23,016",0,0,0,0
591,Paranoia,"$22,995",1,3,1,0
592,Venzer,"$22,868",3,4,0,0
593,Hiiva,"$22,819",2,4,0,0
593,Avoidless,"$22,815",0,0,2,0
593,Jeskla,"$22,754",3,4,0,0
596,Sleeping,"$22,700",5,4,0,0
597,Fenix,"$22,690",1,1,3,0
598,Kitties,"$22,617",0,2,2,0
599,Freeze,"$22,590",4,6,1,1
600,Hooks,"$22,520",4,3,1,0
601,LirA,"$22,479",1,0,1,0
602,Jelly,"$22,385",1,0,0,0
603,Winds,"$22,200",0,1,0,0
604,Agurin,"$22,077",6,2,1,0
605,Puki style,"$22,062",2,8,4,0
606,Emperor,"$22,044",1,1,1,1
607,Kazu,"$21,989",3,1,0,0
608,SoHwan,"$21,907",0,0,0,0
609,Yuuki60,"$21,813",4,4,4,0
610,Werlyb,"$21,754",7,1,0,0
611,Venus,"$21,739",0,4,1,0
612,Phrenic,"$21,679",3,6,1,0
613,VincentVega,"$21,616",0,4,0,0
614,EasyLove,"$21,547",1,4,0,0
615,Empt2y,"$21,491",1,1,0,0
616,Raina,"$21,490",1,2,1,0
617,Archer,"$21,490",1,0,1,0
618,Ace,"$21,490",2,2,1,0
619,ocelote,"$21,422",0,1,5,0
620,Lamabear,"$21,380",1,0,0,0
621,Kirei,"$21,357",2,3,3,0
622,Summit,"$21,313",1,1,1,0
623,kev1n,"$21,270",1,0,0,0
624,Warzone,"$21,151",1,0,2,0
625,Jenax,"$21,069",1,5,2,0
626,Naru,"$20,993",3,1,0,1
627,Slayder,"$20,973",2,1,3,0
628,Minerva,"$20,795",3,5,1,0
629,Maxi,"$20,786",2,6,0,0
630,NoNHoly,"$20,727",0,5,1,0
631,Matislaw,"$20,617",3,7,1,0
632,DiscotEkka,"$20,549",0,4,0,0
633,FallenBandit,"$20,520",3,3,0,0
634,Prosfair,"$20,337",12,3,4,0
635,Exosen,"$20,298",5,5,1,0
636,S1xu,"$20,283",0,0,0,0
637,Wendelbo,"$20,059",5,4,0,0
638,fredy122,"$20,000",0,1,1,0
639,Revenge,"$20,000",0,1,0,0
640,Shikari,"$19,954",13,3,1,0
641,Tay,"$19,928",3,2,0,0
642,Veritas,"$19,902",2,3,0,0
643,Aria,"$19,888",1,0,1,0
644,Karis,"$19,826",2,1,0,0
645,Saintvicious,"$19,730",3,2,3,0
646,Jisu,"$19,634",3,3,1,0
647,Chaser,"$19,486",0,0,0,0
648,poome,"$19,420",3,1,3,0
649,Jirall,"$19,401",4,1,3,0
650,Tuesday,"$19,390",2,3,1,0
651,Newbie,"$19,360",1,5,3,0
652,POP,"$19,358",5,0,0,0
653,Dia1,"$19,323",0,3,1,0
654,Destiny,"$19,240",5,3,1,1
655,Vetheo,"$19,209",2,2,1,0
656,WarL0cK,"$19,118",1,3,1,0
656,Samux,"$19,115",0,2,1,0
656,Apex,"$18,989",1,1,2,0
659,SolidSnake,"$18,975",4,1,2,0
660,Lies,"$18,889",0,1,0,0
661,Ysera,"$18,853",0,2,2,0
662,Ablazeolive,"$18,800",1,0,1,0
663,Babip,"$18,767",4,2,0,1
664,Jestkui Max,"$18,751",0,3,0,0
665,Shadow,"$18,695",1,3,1,0
666,Lekcycc,"$18,690",0,4,2,0
666,Phaxi,"$18,605",4,5,2,0
668,World6,"$18,523",0,0,0,0
669,TrAce,"$18,462",0,0,0,0
670,ikssu,"$18,457",0,0,2,0
671,Morgan,"$18,426",1,0,1,0
672,Mitsuki,"$18,416",2,0,0,0
673,Contractz,"$18,400",2,2,0,1
674,Shady,"$18,330",3,3,3,1
675,Puff,"$18,301",0,0,1,0
676,Southwind,"$18,301",0,0,0,0
677,LaMiaZeaLoT,"$18,250",3,0,1,1
678,Ventair,"$18,242",5,1,3,0
679,Taxer,"$18,221",9,12,3,0
680,Envy,"$18,128",4,1,0,0
681,Falco,"$18,065",4,1,0,0
682,Klaj,"$18,005",0,4,4,0
683,Zorozero,"$18,000",1,3,0,0
684,LEP,"$17,968",1,1,4,0
684,Satorius,"$17,929",0,2,2,0
686,COLD,"$17,923",1,0,1,1
687,Wako,"$17,894",0,1,2,0
688,Mystiques,"$17,852",5,7,1,0
689,QaspieL,"$17,762",3,4,1,0
690,Patrik,"$17,711",2,1,0,1
691,Pandar,"$17,635",5,1,1,0
692,Yoshino,"$17,620",3,0,0,0
693,Roison,"$17,583",0,5,3,0
694,Xiaopeng,"$17,566",4,0,0,0
695,Changhong,"$17,566",4,0,0,0
696,Twila,"$17,566",4,0,0,0
697,Hatrixx,"$17,400",2,2,1,0
698,Emp,"$17,359",0,4,2,0
699,Beyond,"$17,352",0,2,0,0
700,Tempt,"$17,288",0,0,0,0
701,BioPanther,"$17,274",4,0,0,1
702,Magic,"$17,160",1,0,1,0
703,Selfie,"$17,122",1,1,0,0
704,zig,"$17,100",1,0,2,1
705,Broeki,"$17,045",5,1,1,0
706,XiaoXiao,"$17,020",0,1,0,0
707,takeshi,"$17,004",1,6,2,1
708,Winter,"$17,002",5,4,3,0
709,dexter,"$17,000",0,1,1,0
710,3z,"$16,847",1,0,3,0
711,Phlaty,"$16,805",0,4,1,0
712,Bruce,"$16,771",1,2,1,0
713,Shushei,"$16,690",3,0,1,1
714,Absolut,"$16,611",2,3,0,0
715,Totoro,"$16,580",1,0,0,0
716,Shini,"$16,561",4,3,0,0
717,5fire,"$16,530",8,3,2,0
718,Crumbz,"$16,510",0,2,1,0
719,Mingjing,"$16,399",0,0,0,0
720,UmTi,"$16,366",0,1,0,0
721,Lindarang,"$16,305",0,0,1,0
722,Chrisberg,"$16,173",7,0,3,0
723,DoubleAiM,"$16,061",3,2,1,0
724,Rock,"$15,992",0,1,2,0
725,Araneae,"$15,990",1,0,1,0
726,Acce,"$15,974",1,2,2,0
727,Coldenfeet,"$15,931",0,5,0,0
728,Milica,"$15,930",6,2,2,0
729,Chap,"$15,855",4,3,3,0
730,Thal,"$15,841",1,2,0,0
731,Labrov,"$15,824",3,0,2,0
732,Dardoch,"$15,800",0,1,2,0
733,Kitty,"$15,669",8,4,4,0
734,Kinzu,"$15,601",0,2,2,0
735,WADID,"$15,576",2,1,1,0
736,Guoguo,"$15,573",0,1,0,0
737,Hudie,"$15,573",0,1,0,0
738,Doss,"$15,572",2,6,2,0
739,Jaeger,"$15,560",2,1,4,0
740,Le Roi Bisou,"$15,509",4,0,2,0
741,Qingtian,"$15,489",1,0,0,0
742,Visdom,"$15,488",0,2,5,0
743,Melon,"$15,482",4,3,4,0
744,Hoon,"$15,459",1,0,0,0
745,Rodov,"$15,363",3,2,1,0
746,Reeker,"$15,342",3,0,0,0
747,wewillfailer,"$15,334",1,1,1,1
748,Zin,"$15,329",1,0,2,0
749,toucouille,"$15,297",6,2,0,0
750,Ellam,"$15,295",4,1,0,0
751,Wisdom,"$15,278",2,0,1,1
752,Special,"$15,258",5,7,1,0
753,Rabble,"$15,252",0,1,3,0
754,Kaigu,"$15,235",2,4,1,0
755,Goku,"$15,088",2,5,2,0
756,Kaze,"$15,052",4,3,2,0
757,Lukezy,"$14,929",2,5,1,0
758,Th3Antonio,"$14,926",5,3,0,0
759,Jjun,"$14,925",3,1,1,0
760,SeongHwan,"$14,901",0,0,1,0
761,Tgee,"$14,835",2,4,1,0
762,Beyond,"$14,798",0,0,0,0
763,icon,"$14,788",1,0,1,1
764,Nappon,"$14,694",2,1,1,1
765,Mellisan,"$14,690",3,0,1,1
766,Adam,"$14,656",3,0,2,0
767,Ryoma,"$14,655",2,3,5,1
768,Ben4,"$14,631",0,1,0,0
769,RD,"$14,631",0,0,0,0
770,Snow,"$14,615",1,0,0,0
771,Captain,"$14,615",1,0,0,0
772,XUN,"$14,615",1,0,0,0
773,zs,"$14,615",1,0,0,0
774,Akaadian,"$14,600",0,2,0,0
775,Ian,"$14,515",0,1,1,0
776,Aun,"$14,497",0,5,1,0
777,Ares,"$14,468",2,0,0,0
778,Tolerant,"$14,388",2,2,1,1
779,Xioh,"$14,342",1,5,3,0
780,Yeon,"$14,270",4,2,1,0
781,Dread,"$14,233",1,0,1,0
782,Sharkk,"$14,209",4,2,2,0
783,Ryan,"$14,205",1,2,1,0
784,Alex,"$14,169",0,1,2,0
785,Enjawve,"$14,164",2,2,3,0
786,Max,"$14,162",0,1,0,0
787,Viod,"$14,152",1,0,0,0
788,Shanks,"$14,152",1,1,0,0
789,yT,"$14,138",0,3,0,0
790,Kektz,"$14,006",4,6,2,0
791,XiaoWeiXiao,"$14,000",0,0,1,0
792,EGO,"$13,876",1,1,0,0
793,TraYtoN,"$13,874",1,3,1,0
794,Jett,"$13,801",2,0,0,0
795,Jinoo,"$13,685",0,1,1,0
796,Gari,"$13,670",5,2,1,0
796,Luci,"$13,656",2,3,1,0
796,Atlanta,"$13,617",2,0,0,0
799,Hybrid,"$13,580",1,1,2,1
800,Mills,"$13,526",2,1,0,0
801,H0R0,"$13,392",1,1,0,0
802,SozPurefect,"$13,322",4,4,4,0
803,Patoy,"$13,300",0,1,0,0
804,Shiro,"$13,217",3,3,0,0
805,mancloud,"$13,050",0,0,2,0
806,Zuna,"$13,050",0,0,2,0
807,Ronaldo,"$13,006",8,3,2,0
807,Moon,"$13,000",0,0,0,0
809,Violet,"$12,893",0,0,1,0
810,Ruin,"$12,890",2,0,3,0
811,Fury,"$12,862",0,0,1,0
812,Pride,"$12,853",4,2,0,0
813,Mole,"$12,843",0,1,1,0
814,Leza,"$12,831",1,2,1,0
815,BloodWater,"$12,800",0,0,2,0
816,Meteor,"$12,754",0,1,1,0
817,Kine,"$12,754",0,2,0,0
818,Seigimitsu,"$12,714",0,0,0,0
819,OnFleek,"$12,713",0,2,1,0
820,Lava,"$12,695",0,0,0,0
821,Mightybear,"$12,650",0,2,0,0
822,HeaQ,"$12,629",0,1,1,0
823,Vsta,"$12,625",0,0,2,0
824,Narkuss,"$12,625",3,2,2,0
825,Celebrity,"$12,612",2,1,3,0
826,Hadess,"$12,609",9,4,0,0
827,Speedy,"$12,527",0,2,0,0
828,Nji,"$12,524",9,3,0,0
829,MaHa,"$12,519",0,1,0,0
830,esA,"$12,504",3,7,2,1
831,Vasked,"$12,489",4,3,0,0
832,Reapered,"$12,489",2,0,0,0
833,Flaresz,"$12,458",2,0,2,0
834,DuDu,"$12,447",0,0,1,0
835,Asper,"$12,437",2,0,1,0
836,LIMIT,"$12,428",1,0,0,0
837,Klowny,"$12,428",3,2,2,0
838,Memento,"$12,399",0,2,1,0
839,Quas,"$12,380",0,0,3,0
840,Darlik,"$12,372",6,1,1,0
841,Spooky,"$12,324",4,0,0,0
842,Julien,"$12,290",3,2,2,0
843,Anthrax,"$12,281",6,3,0,0
844,OzoraVeki,"$12,257",3,3,0,0
845,Renyu,"$12,216",2,1,3,0
845,Vzz,"$12,191",4,0,0,0
847,Aix,"$12,190",2,1,0,0
848,Cube,"$12,190",1,1,0,0
849,Hang,"$12,190",1,0,0,0
850,Value,"$12,180",5,0,3,0
851,Scarlet,"$12,046",2,3,0,0
852,NIXWATER,"$12,000",0,0,0,0
853,Cotopaco,"$11,975",2,2,2,0
854,Erdote,"$11,941",3,1,1,0
855,Secret,"$11,903",0,0,2,0
856,Artifact,"$11,841",0,1,2,0
857,Crush,"$11,778",2,0,0,0
858,Atom,"$11,756",1,6,2,0
859,Dove,"$11,739",0,2,2,0
860,yoHan,"$11,737",1,0,2,0
861,Vardags,"$11,704",0,4,2,0
862,Hamez,"$11,605",4,5,1,0
863,Cupcake,"$11,602",4,2,4,1
864,Ren,"$11,571",1,2,0,0
865,Skash,"$11,557",1,0,0,0
866,Haise,"$11,536",0,1,0,0
867,Pancake,"$11,510",1,1,1,0
868,Wos,"$11,509",4,4,0,0
869,Aloned,"$11,482",1,1,0,0
870,MrRalleZ,"$11,464",0,0,2,0
871,Masterwork,"$11,439",5,2,1,0
872,Relic,"$11,412",2,2,2,0
873,Seaz,"$11,408",5,0,0,0
874,Lucker,"$11,391",3,1,1,0
875,Brosak,"$11,364",1,3,3,0
876,Karim kt,"$11,325",1,3,1,0
877,SoaR,"$11,312",0,3,2,0
878,Raes,"$11,302",4,4,3,1
879,Quixeth,"$11,255",5,5,0,0
880,DoeDoii,"$11,205",4,2,0,0
881,Pulsas,"$11,191",2,1,1,0
882,Bono,"$11,179",0,0,0,0
883,Josedeodo,"$11,165",1,0,1,0
884,Apollo,"$11,140",1,1,1,0
885,Kerberos,"$11,138",7,4,5,0
886,Padden,"$11,085",2,0,0,1
887,Dumbledoge,"$11,050",4,2,0,1
888,Wysek,"$11,047",0,3,1,0
889,Obvious,"$11,032",4,1,1,0
890,Four,"$11,031",2,4,1,0
891,Altec,"$11,000",0,1,1,0
892,Markoon,"$10,967",2,2,0,0
893,DNK,"$10,954",0,1,2,0
894,Jezu,"$10,811",1,0,2,0
895,Erry,"$10,800",1,1,0,0
896,Jukes,"$10,800",0,0,0,0
897,Fragas,"$10,800",1,0,0,0
898,Matsukaze,"$10,786",2,5,0,0
899,Caedrel,"$10,785",1,2,1,0
900,Arthur,"$10,763",0,1,1,0
901,Razork,"$10,736",1,6,0,0
902,Genthix,"$10,687",3,0,2,0
903,Secr3t,"$10,666",0,1,0,0
904,Meight,"$10,649",4,4,1,0
905,Zzus,"$10,621",2,0,1,1
906,Deokdam,"$10,621",1,2,0,0
907,CBL,"$10,606",1,0,4,0
908,Justice,"$10,513",0,0,0,0
909,StarLast,"$10,489",1,0,0,0
910,Yaharong,"$10,486",0,1,0,0
911,Dragonminkim,"$10,440",2,0,0,0
912,Kati,"$10,371",3,2,0,0
913,Furuy,"$10,293",4,4,5,0
914,HiRit,"$10,238",3,0,0,0
915,Malrang,"$10,226",0,1,1,0
916,Gamsu,"$10,200",0,1,2,0
917,Cat,"$10,181",0,1,0,0
918,Bananitoo,"$10,118",5,0,3,0
919,niQ,"$10,102",1,2,1,0
920,Yoppa,"$10,101",2,2,1,0
921,Papa Chau,"$10,050",0,2,1,0
922,Tally,"$10,038",3,2,3,0
923,Ruby,"$10,029",0,2,0,0
924,Hammock,"$10,000",0,1,0,0
925,Eyla,"$10,000",2,2,1,0
926,GreenTea,"$10,000",0,0,0,0
927,Doxa,"$10,000",1,1,0,0
928,BunnyFuFuu,"$10,000",0,2,0,0
929,Haeri,"$10,000",1,2,0,0
930,BocaJR,"$9,995",2,0,1,0
931,Closer,"$9,938",2,1,0,1
932,GodKwai,"$9,872",1,0,0,0
933,FBI,"$9,860",2,2,2,0
934,Griffin,"$9,850",0,2,2,0
935,Alois,"$9,849",7,2,0,0
936,Prime,"$9,826",4,2,0,0
937,Nikola,"$9,762",4,2,1,0
938,Advienne,"$9,752",1,1,0,0
939,Bravado,"$9,750",3,0,2,0
940,Decoy,"$9,696",2,1,3,1
941,Taikki,"$9,693",0,3,3,0
942,KingJ,"$9,676",0,1,2,0
943,Pooh,"$9,667",0,1,0,0
944,Yampi,"$9,666",3,3,2,0
945,Kruimel,"$9,637",3,5,2,0
946,Shrimp,"$9,616",1,3,0,0
947,MANTARRAYA,"$9,613",2,0,0,0
948,Gumayusi,"$9,520",2,1,0,0
949,behave,"$9,519",3,4,1,0
950,Phantiks,"$9,509",3,2,1,0
951,Sorn,"$9,499",0,1,3,0
952,MarioMe,"$9,493",2,0,1,0
953,Cepted,"$9,435",1,1,1,0
954,Jwaow,"$9,429",1,1,4,0
955,Tenacity,"$9,420",2,1,3,0
956,Kenvi,"$9,420",2,1,3,0
957,JimieN,"$9,400",0,0,1,0
958,Raven,"$9,370",1,0,0,0
959,SuNo,"$9,360",1,0,1,0
959,Breaker,"$9,350",0,1,2,0
961,Zealot,"$9,307",0,1,0,0
962,Godbro,"$9,258",4,3,1,1
963,xani,"$9,242",1,2,1,0
964,MnM,"$9,240",0,0,0,0
965,Hieu3,"$9,237",0,1,0,0
966,Sinmivak,"$9,228",2,0,3,0
967,Wakz,"$9,207",3,4,2,0
968,Juzinho,"$9,205",1,0,0,1
969,Dom1nant,"$9,205",4,4,0,0
970,Doggo,"$9,200",0,1,0,0
971,wuji,"$9,195",1,2,2,0
972,mumus100,"$9,190",1,5,3,0
973,Bie,"$9,116",1,1,2,0
974,Ceos,"$9,052",3,0,3,0
975,DudsTheBoy,"$9,052",3,0,3,0
976,Sun,"$9,000",0,0,0,0
977,Rich,"$8,975",0,2,0,0
978,REFRA1N,"$8,943",1,0,1,0
979,Rakyz,"$8,932",0,5,0,0
980,Yursan,"$8,900",0,0,1,0
981,Reven,"$8,890",1,0,0,0
982,Shenyi,"$8,876",0,1,1,0
983,Von,"$8,853",2,2,1,0
984,PCL,"$8,838",1,4,2,0
985,Plasma,"$8,807",4,0,1,0
986,Ggamza,"$8,778",4,1,0,0
987,Tussle,"$8,777",4,4,2,1
988,Delitto,"$8,769",3,2,0,0
989,NoFe,"$8,765",0,0,0,0
990,DREAMPYLLA,"$8,758",1,3,0,0
991,Bolulu,"$8,741",3,2,0,0
992,Cookie,"$8,738",1,3,0,0
993,ppgod,"$8,736",0,0,1,0
994,CozQ,"$8,724",1,2,0,0
995,Ohq,"$8,721",0,0,0,0
996,Jester,"$8,717",1,2,3,0
997,Yuuki,"$8,708",0,0,0,0
998,beansu,"$8,701",2,4,2,0
999,HolyPhoenix,"$8,698",5,1,0,0
1000,Stefan,"$8,689",2,2,0,0
1001,Kartis,"$8,674",1,0,0,0
1002,Touch,"$8,672",4,0,2,0
1003,Engo,"$8,660",1,0,1,0
1004,Frappii,"$8,648",1,4,0,0
1005,Paris,"$8,628",3,1,2,0
1006,Kroghsen,"$8,612",11,2,4,0
1007,Shiganari,"$8,590",0,3,0,0
1008,Alive,"$8,588",1,2,0,0
1009,SLT,"$8,551",1,2,2,0
1009,Parang,"$8,501",1,1,1,0
1011,Drobovik123,"$8,469",0,2,1,0
1012,Chapapi,"$8,452",8,2,0,0
1013,WeiZor,"$8,417",2,1,1,0
1014,XinMo,"$8,406",1,0,0,0
1015,Route,"$8,355",0,0,1,0
1016,Makler,"$8,350",1,0,1,0
1017,Wolfe,"$8,330",1,1,3,0
1018,Bloody,"$8,301",4,2,2,0
1019,Rainbow,"$8,283",1,0,1,0
1020,Grell,"$8,282",0,4,1,0
1021,Dreamer Ace,"$8,279",0,2,0,0
1022,Blazes,"$8,271",1,1,3,0
1023,Fox,"$8,250",1,2,0,0
1024,Giyuu,"$8,200",0,1,0,0
1025,Nerroh,"$8,180",2,7,0,0
1026,Allorim,"$8,178",0,2,1,0
1027,TasteLess,"$8,160",3,4,0,0
1028,rhuckz,"$8,127",3,4,0,1
1029,Cariok,"$8,065",2,2,1,0
1030,EvanRL,"$8,050",1,2,3,0
1031,Stunt,"$8,000",1,0,1,0
1032,Likai,"$8,000",0,0,1,0
1033,Blossom,"$7,996",1,0,0,0
1034,Kadir,"$7,995",0,2,1,0
1035,k0u,"$7,995",3,3,1,0
1036,Katare,"$7,974",3,2,0,0
1037,Mireu,"$7,957",1,0,0,0
1038,Hollow,"$7,954",0,2,1,0
1039,Kindless,"$7,900",2,3,2,0
1040,EdinPriqtel,"$7,892",2,0,1,0
1041,SadJesteRRR,"$7,872",0,0,0,0
1042,Cody,"$7,837",2,0,1,0
1043,Plox,"$7,788",1,4,2,0
1044,Ashanome,"$7,776",3,5,1,0
1045,QQmore,"$7,774",0,3,2,0
1046,Pyrka,"$7,770",1,0,4,0
1047,Luger,"$7,763",1,2,3,0
1048,Unho1y,"$7,761",1,2,0,0
1049,Nightmares,"$7,737",3,7,2,0
1050,Elwind,"$7,734",2,0,1,2
1051,Mojito,"$7,734",3,0,1,2
1051,Madness,"$7,734",2,0,1,2
1053,Swordd,"$7,700",0,0,0,0
1054,Sedrion,"$7,695",0,2,2,0
1055,Creaton,"$7,680",1,0,0,0
1056,Bruness,"$7,651",2,1,2,0
1057,Zvene,"$7,581",2,1,1,0
1058,Gango,"$7,570",0,1,2,0
1059,TheRainMan,"$7,540",1,1,2,0
1060,Ackerman,"$7,490",3,0,0,0
1061,Czajek,"$7,473",2,0,3,0
1062,Pake,"$7,454",0,1,2,0
1063,Fitz,"$7,384",0,1,1,0
1064,Vince,"$7,312",5,2,0,0
1065,JunJia,"$7,287",1,0,0,0
1066,Lonely,"$7,215",0,0,2,0
1067,Duoking,"$7,200",1,3,0,0
1068,Tiger,"$7,151",4,1,1,0
1069,Berserker,"$7,128",3,1,0,0
1070,CaD,"$7,094",0,1,0,0
1071,YutoriMoyasi,"$7,089",4,3,4,1
1072,Diamante,"$7,084",0,0,0,0
1073,Divkid,"$7,037",0,0,3,0
1074,Tomo,"$7,000",2,1,0,0
1075,JayJ,"$7,000",1,0,0,0
1076,Clozer,"$6,987",0,0,0,0
1077,Minit,"$6,963",0,2,0,0
1078,Melonik,"$6,946",1,0,1,0
1079,Catch,"$6,938",2,1,0,0
1080,Aku,"$6,921",3,6,2,0
1081,Baula,"$6,916",1,5,0,0
1082,Mocha,"$6,893",1,0,0,1
1083,Turtle,"$6,877",1,1,1,0
1083,Chieftain,"$6,874",0,1,0,0
1083,MoMa,"$6,860",0,1,0,0
1086,Secaf Reis,"$6,853",0,0,0,0
1087,Swip3rR,"$6,852",3,6,1,1
1088,Archie2B,"$6,842",0,1,0,0
1089,Exakick,"$6,812",0,1,1,0
1090,Keane,"$6,800",1,0,0,0
1091,Yusui,"$6,800",0,0,0,0
1092,Raqo,"$6,762",5,5,2,0
1093,Shinsekai,"$6,759",1,0,0,0
1093,Goose,"$6,738",5,6,1,0
1093,Quicktimer,"$6,723",2,2,0,0
1096,Afflict,"$6,699",2,0,0,0
1097,HuSha,"$6,687",0,2,0,0
1098,Topoon,"$6,675",3,0,0,0
1099,Hasmed,"$6,660",0,1,1,0
1100,Khantos,"$6,653",0,2,0,0
1101,Wizer,"$6,626",0,0,1,0
1102,Kino,"$6,616",0,1,1,0
1103,Nova,"$6,609",0,0,1,0
1104,rjs,"$6,549",1,0,0,0
1105,Rueven,"$6,510",1,0,1,0
1106,Jree,"$6,500",1,0,2,0
1107,Praedyth,"$6,500",1,0,0,0
1108,Pabu,"$6,500",1,2,0,0
1109,Chazz,"$6,500",1,0,0,0
1110,Dimonko,"$6,476",0,1,0,0
1111,HyBriD,"$6,472",0,0,1,0
1112,Halo,"$6,450",1,2,0,0
1113,UDYSOF,"$6,450",1,0,0,0
1114,Scarface,"$6,435",1,3,1,0
1115,Petland,"$6,409",1,2,0,0
1116,Kronos,"$6,387",1,2,0,0
1117,Luskka,"$6,365",1,1,0,0
1118,Professor,"$6,355",0,2,2,0
1119,Sks,"$6,321",0,0,0,0
1120,LukasNegro,"$6,312",1,4,0,0
1121,Raven,"$6,304",0,1,0,0
1122,Baltica,"$6,223",0,1,0,0
1123,Frozen,"$6,210",6,1,0,0
1124,SOUPerior,"$6,200",1,1,0,0
1125,xiaolaohu,"$6,196",0,1,0,0
1126,Care,"$6,196",0,1,0,0
1127,Angush,"$6,180",0,0,1,0
1128,Ippon,"$6,124",0,2,2,0
1129,Jojo,"$6,114",1,3,0,0
1130,Rogue,"$6,114",2,0,2,0
1131,Shiphtur,"$6,100",0,2,0,0
1132,Crystal,"$6,088",1,2,0,0
1133,Bruno,"$6,082",1,0,0,0
1134,Jiekou,"$6,078",1,0,1,1
1135,Yama,"$6,000",0,0,0,0
1136,OmarGod,"$6,000",0,1,1,0
1137,fNb,"$5,960",2,3,0,0
1138,Krastymel,"$5,959",2,2,2,0
1139,Joker,"$5,945",0,1,2,0
1140,Rod,"$5,932",1,4,0,0
1141,Nolan,"$5,893",4,1,0,0
1142,Seelame,"$5,889",3,3,2,0
1143,Navio,"$5,888",0,1,1,0
1144,Xaky,"$5,887",4,3,1,0
1145,Martin,"$5,883",0,0,0,0
1146,Ritix,"$5,864",1,1,0,0
1147,Wings,"$5,862",0,1,0,0
1148,M1anhua,"$5,862",0,3,0,0
1149,fearness,"$5,862",0,1,0,0
1150,Disave,"$5,856",1,0,1,0
1151,Cboi,"$5,850",4,4,1,0
1152,LeX,"$5,832",0,1,0,0
1153,Weiwei,"$5,805",0,0,0,0
1154,Biubiu,"$5,805",0,0,0,0
1155,Samd,"$5,805",0,0,0,0
1156,zoiren,"$5,786",3,1,0,0
1156,Getback,"$5,750",0,0,0,0
1156,Saviour,"$5,731",5,4,0,0
1159,Astarore,"$5,725",3,1,0,0
1160,twohoyrz,"$5,721",1,0,1,0
1161,Missing,"$5,664",1,1,0,0
1162,Poss,"$5,664",0,0,0,0
1163,Teacherma,"$5,664",0,0,0,0
1164,Elk,"$5,664",0,1,0,0
1165,beishang,"$5,664",0,2,0,0
1166,Xzz,"$5,661",0,1,0,0
1166,hyrqBot,"$5,650",1,0,1,0
1168,Fenfen,"$5,604",0,0,0,0
1169,Maestro,"$5,604",0,0,0,0
1170,Zhergoth,"$5,600",3,3,0,0
1171,Lourlo,"$5,600",0,0,0,0
1172,Nille,"$5,595",1,1,2,0
1173,Noltey,"$5,564",0,4,7,0
1174,Pride,"$5,544",0,2,0,0
1175,Freire,"$5,523",2,0,1,0
1176,aesthetic,"$5,509",1,1,2,0
1177,Anyyy,"$5,497",1,0,1,0
1178,Hauz,"$5,482",3,0,0,0
1179,Inition,"$5,475",1,2,0,0
1180,Krakmo,"$5,467",1,4,1,0
1181,Albetrayber,"$5,431",6,4,3,0
1182,Seize,"$5,430",0,1,0,0
1183,007x,"$5,400",0,0,0,0
1184,LL,"$5,366",0,1,0,0
1184,Kamilius,"$5,346",2,1,1,0
1186,Oner,"$5,316",2,2,0,0
1187,Kerp,"$5,301",1,0,1,0
1188,Ruvelius,"$5,296",2,0,1,1
1189,CheonGo,"$5,280",0,0,0,0
1190,Own3r,"$5,236",3,3,0,0
1191,xTyLk,"$5,227",1,2,0,0
1192,SkyBart,"$5,210",0,4,2,0
1193,Priskornet,"$5,197",2,2,1,0
1194,FATE,"$5,183",0,0,2,0
1195,Saulius,"$5,158",1,4,1,0
1196,Dreedy,"$5,158",2,3,1,0
1197,NoXiAK,"$5,156",0,0,2,0
1198,komedyja,"$5,144",2,1,0,0
1199,ActScene,"$5,142",0,0,0,0
1200,Zuao,"$5,134",1,0,4,0
1201,Zergsting,"$5,134",1,0,0,1
1202,MightyDragon,"$5,133",1,1,0,0
1203,Youngjae,"$5,120",0,0,2,0
1204,Nxi,"$5,120",3,3,0,0
1205,Nestea,"$5,113",0,0,1,0
1206,Mersa,"$5,112",2,0,0,0
1207,Jauny,"$5,080",4,1,0,0
1208,InTreso,"$5,068",2,2,0,0
1209,kubYD,"$5,067",3,0,1,0
1210,Baiano,"$5,059",0,1,1,0
1211,Juhan,"$5,031",0,1,1,0
1212,Prismal,"$5,000",3,1,0,0
1213,MaGeRdAnGeR,"$5,000",0,0,0,0
1214,Call Lin,"$5,000",0,0,0,0
1215,Keshi,"$4,994",0,1,0,0
1216,FireRain,"$4,980",0,0,1,0
1217,Motive,"$4,974",0,0,1,0
1218,Aoshi,"$4,947",0,1,2,0
1219,Victory,"$4,932",0,0,0,0
1220,Nemky,"$4,927",0,2,0,0
1221,Quinncidence,"$4,925",2,1,0,0
1222,Khynm,"$4,920",1,1,1,0
1223,Munckizz,"$4,914",4,4,4,0
1224,Yado,"$4,910",0,0,0,0
1225,Marrow Ooze,"$4,903",7,2,1,0
1226,Erixen,"$4,898",3,0,1,0
1227,JaVaaa,"$4,879",1,1,0,0
1228,Unknown,"$4,879",2,3,2,0
1229,Sephis,"$4,874",2,0,0,0
1230,Archeny,"$4,831",1,1,2,0
1231,Woody,"$4,814",0,0,1,0
1232,Zeus,"$4,811",1,1,0,0
1233,Defles,"$4,808",0,2,1,0
1234,Hakuho,"$4,800",0,0,0,0
1235,XoNix,"$4,785",0,0,0,0
1236,Emtest,"$4,775",0,2,0,0
1237,Damage,"$4,772",1,2,1,0
1238,Croco,"$4,768",0,0,1,0
1239,ImSoFresh,"$4,758",0,1,0,0
1240,Bean,"$4,757",1,2,1,0
1241,Mimic,"$4,757",2,0,1,0
1242,Reje,"$4,743",3,3,0,0
1243,S0NSTAR,"$4,740",0,0,0,0
1244,Tutsz,"$4,708",1,0,0,0
1245,Haydal,"$4,707",2,5,0,0
1246,Ryuzaki,"$4,683",1,3,2,0
1247,Hyoga,"$4,681",1,0,1,0
1248,Rifty,"$4,668",2,4,2,0
1249,Kabe,"$4,664",0,1,0,0
1250,Guigo,"$4,645",2,0,1,0
1251,Akunma,"$4,640",1,3,0,0
1252,yijie,"$4,618",0,1,1,0
1253,Acidy,"$4,616",2,1,1,0
1254,Cl0x,"$4,608",0,4,2,0
1255,Maoan,"$4,600",0,1,0,0
1256,Claire,"$4,588",1,3,7,1
1257,Mask,"$4,578",0,1,0,0
1258,Skude,"$4,573",5,4,0,0
1259,Youdang,"$4,571",1,2,0,0
1260,ZWuJi,"$4,571",0,1,0,0
1261,Avenger,"$4,525",2,0,2,0
1262,Tioo,"$4,522",1,2,2,0
1263,Envy Carry,"$4,503",1,0,0,0
1264,Locodoco,"$4,470",0,0,0,0
1265,JinO,"$4,458",1,0,0,0
1266,Kakan,"$4,458",4,1,2,0
1267,Hadow,"$4,435",4,6,3,0
1268,Azure,"$4,434",0,2,0,0
1269,Flaxxish,"$4,421",1,3,0,0
1270,Myw,"$4,396",1,1,1,0
1271,Wiz,"$4,393",1,0,0,0
1272,Guubi,"$4,376",1,3,1,0
1273,Raise,"$4,368",1,0,1,0
1274,Cabu,"$4,360",1,0,3,0
1275,Bay,"$4,358",0,1,0,0
1276,Wayne,"$4,358",0,1,0,0
1277,LaFleur,"$4,345",5,1,0,0
1278,Rakin,"$4,338",0,1,1,0
1279,Aoi Haru,"$4,337",1,0,0,0
1280,Once,"$4,329",1,0,2,0
1281,Night,"$4,320",4,5,0,0
1282,Kuma,"$4,299",0,0,1,0
1283,DuaLL,"$4,297",1,1,0,0
1284,Aegis,"$4,288",2,0,0,0
1285,Khael,"$4,277",1,0,1,0
1286,pbO,"$4,273",2,2,1,0
1287,FUN k3y,"$4,263",0,2,1,0
1288,Shiny,"$4,240",2,0,1,0
1289,Garo,"$4,239",1,1,2,0
1290,Eckas,"$4,234",3,1,0,0
1291,Mirror,"$4,201",1,3,0,0
1292,Mexi,"$4,189",1,1,0,0
1293,Dara,"$4,184",6,4,0,1
1294,Klaus,"$4,174",0,2,0,0
1295,Fraid,"$4,167",1,3,1,0
1296,Random,"$4,144",5,1,0,0
1296,Achuu,"$4,139",2,1,2,0
1296,Zytan,"$4,134",3,1,1,0
1299,Artemis,"$4,120",0,1,1,0
1300,Manu,"$4,112",1,2,0,0
1301,Style,"$4,109",1,0,0,0
1302,Jatt,"$4,100",1,0,2,0
1303,Moo,"$4,093",0,2,0,0
1304,Nobody,"$4,063",0,1,0,0
1305,Kackos,"$4,062",0,2,1,0
1306,Tifa,"$4,035",1,3,0,0
1307,Kyanna,"$4,035",1,3,0,0
1307,Aslan,"$4,032",0,1,1,0
1309,Pirean,"$4,031",0,1,1,0
1310,Zeicro,"$4,027",1,2,1,0
1311,Cover,"$4,023",0,0,1,0
1312,TopLop,"$4,000",2,1,0,0
1313,Driver,"$4,000",0,0,0,0
1314,Benji,"$4,000",0,0,0,0
1315,whiteinn,"$3,994",1,2,0,0
1316,Eimy,"$3,984",0,0,1,0
1317,Dreamsu,"$3,975",1,1,1,0
1318,Zica,"$3,928",0,0,0,0
1319,Efias,"$3,915",2,2,0,0
1320,Mousty,"$3,904",0,0,0,0
1321,Tony Top,"$3,900",0,2,0,0
1322,TH,"$3,898",0,0,2,0
1323,Bullet,"$3,885",1,1,2,0
1324,Spot,"$3,879",0,0,2,0
1325,AlternativeX,"$3,874",2,2,1,0
1326,Phantomles,"$3,855",3,1,0,0
1327,Dommmy,"$3,852",2,2,1,0
1328,Calm,"$3,845",0,1,2,0
1329,ST3PZ,"$3,842",0,2,1,0
1330,Kit,"$3,841",0,1,0,0
1331,Raxhy,"$3,836",1,1,2,0
1332,Lvsyan,"$3,805",1,0,0,0
1333,Brom,"$3,803",0,0,0,0
1334,LynX,"$3,803",2,0,0,0
1335,RoseThorn,"$3,800",2,0,1,0
1336,Nyu,"$3,797",2,0,2,0
1337,Grisen,"$3,796",2,2,1,0
1338,Mytheos,"$3,788",2,4,3,0
1339,Energy,"$3,769",4,1,1,0
1340,Envyy,"$3,763",0,0,1,0
1341,Poulsen,"$3,757",1,1,0,0
1342,StenBosse,"$3,742",3,2,0,0
1343,Kiefer,"$3,731",1,1,1,0
1344,Hiro,"$3,727",0,0,0,0
1345,Sebs,"$3,691",4,5,2,0
1345,Rulfchen,"$3,674",3,1,0,0
1347,IceBreaker,"$3,672",2,1,1,0
1348,Spookz,"$3,656",2,3,1,0
1349,Swiffer,"$3,656",2,3,1,0
1350,Decay,"$3,614",1,1,2,0
1351,viNylCat,"$3,610",0,0,0,0
1352,Bonnie,"$3,609",1,0,1,0
1353,Tiara,"$3,591",2,2,0,0
1354,Yusa,"$3,589",4,3,7,0
1355,Riss,"$3,568",0,1,0,0
1356,Cheoni,"$3,568",0,1,0,0
1357,Kanin,"$3,568",1,0,0,0
1358,Baut,"$3,568",0,1,0,0
1359,Sarkis,"$3,562",2,0,0,0
1360,Odi11,"$3,550",1,0,1,0
1361,Clever,"$3,532",0,0,0,0
1362,Taurus,"$3,531",0,0,1,0
1363,Ophelia,"$3,525",0,1,1,0
1364,Hyôrai,"$3,521",0,4,0,0
1365,ottovaG,"$3,516",6,0,1,0
1366,Bradley,"$3,500",3,0,0,0
1367,Adept,"$3,492",1,0,0,0
1368,HungryPanda,"$3,490",2,0,1,0
1369,xCharm,"$3,480",0,1,0,0
1370,Choisix,"$3,478",1,2,1,0
1371,Only35,"$3,470",2,1,0,0
1372,Coated,"$3,457",0,0,1,0
1373,Viking,"$3,437",1,0,0,0
1374,Darker,"$3,400",0,0,1,0
1375,Baca,"$3,399",1,1,0,0
1376,Seraph,"$3,356",0,0,0,0
1377,Eren,"$3,339",1,3,0,0
1378,Holo,"$3,333",0,0,2,0
1379,Kadaver,"$3,329",6,1,1,0
1380,BULBAZABP,"$3,320",0,1,0,0
1381,Malunoo,"$3,300",0,0,1,0
1382,extinkt,"$3,300",0,0,1,0
1383,DenVoksne,"$3,290",1,1,2,0
1384,J0J0C,"$3,271",3,1,1,0
1385,Hawk,"$3,268",1,0,0,0
1386,Akeno,"$3,261",0,0,0,0
1387,Dice,"$3,258",0,0,1,0
1388,Rebel,"$3,257",1,0,0,0
1389,Rafitta,"$3,247",1,1,0,0
1390,Glebo,"$3,245",0,0,1,0
1391,Wondro,"$3,244",3,2,0,0
1392,Lmzs,"$3,244",1,0,0,0
1393,Epic,"$3,239",0,0,0,0
1394,Charger,"$3,236",0,0,0,0
1395,xKenzuke,"$3,234",1,0,0,0
1396,Neo,"$3,232",2,0,1,1
1397,Careta,"$3,227",0,0,0,0
1398,ProDelta,"$3,225",0,2,0,0
1399,Optimas,"$3,222",1,1,0,0
1400,Srtty,"$3,220",1,1,1,0
1401,Tomio,"$3,220",1,2,1,0
1402,Danny,"$3,220",1,1,1,0
1403,Aspect,"$3,220",1,1,1,0
1404,Mist,"$3,220",1,1,1,0
1405,Destroy,"$3,217",0,0,2,0
1406,SkuLL,"$3,212",1,0,0,0
1407,Boomin,"$3,206",2,3,0,0
1408,Raid,"$3,196",1,0,2,1
1409,Impaler,"$3,191",0,2,0,0
1410,Lilipp,"$3,188",0,0,1,0
1411,Hena,"$3,186",0,0,0,0
1412,dibu,"$3,181",3,0,0,0
1413,Dawn,"$3,179",1,0,0,0
1414,hammann,"$3,175",0,1,0,0
1415,ItsCortez,"$3,169",0,0,0,0
1416,Cospect,"$3,165",5,0,0,0
1417,Lion,"$3,147",0,1,1,0
1418,Tak,"$3,133",0,1,2,0
1419,Kehvo,"$3,123",0,3,1,0
1420,Sorry,"$3,123",0,0,0,0
1421,Click,"$3,109",3,2,0,0
1422,UNF0RGIVEN,"$3,106",1,0,0,0
1423,ChosenOne,"$3,085",3,0,0,0
1424,Yunbee,"$3,080",2,0,0,0
1425,WouLou,"$3,070",2,0,2,0
1426,Bounty,"$3,068",1,0,0,0
1427,Shaoran,"$3,068",0,0,0,0
1428,Nipphu,"$3,053",3,1,1,0
1429,Kryze,"$3,051",1,2,0,0
1430,Oscarinin,"$3,044",0,2,0,0
1431,Kynetic,"$3,039",0,2,1,0
1432,WildHeart,"$3,031",0,0,1,0
1433,bucu,"$3,031",0,1,1,0
1434,Lucky,"$3,029",1,0,0,0
1435,Ripi,"$3,029",3,1,0,0
1436,Froggy,"$3,027",0,1,0,0
1437,Kashtelan,"$3,025",0,2,2,0
1438,Genza,"$3,023",0,1,0,0
1439,Saju,"$3,019",1,3,1,0
1440,Laba,"$3,018",0,1,1,0
1441,Chelly,"$3,007",0,0,1,0
1442,Jojopyun,"$3,000",0,1,0,0
1443,Fill,"$3,000",0,1,0,0
1444,Chime,"$3,000",2,0,0,0
1445,Japone,"$3,000",1,0,0,0
1446,PaSa,"$2,993",0,2,0,0
1447,Slyv3r,"$2,982",2,4,2,0
1448,Dragane,"$2,981",1,3,0,0
1449,AndyBendy,"$2,979",1,3,3,0
1450,Color,"$2,971",2,0,0,0
1451,styllEE,"$2,954",1,2,0,0
1452,LUBEEENZZZ,"$2,936",1,0,0,0
1453,Turanaga,"$2,936",1,0,0,0
1454,Monk,"$2,931",2,4,5,0
1455,Nausicaa,"$2,900",1,0,0,0
1456,Wing,"$2,900",0,0,0,0
1457,FlayStation,"$2,867",1,1,1,0
1458,Afm,"$2,861",1,2,1,0
1459,Prodigy,"$2,853",1,2,1,0
1459,Hoya,"$2,850",0,0,0,0
1461,NOsFerus,"$2,834",1,1,0,0
1462,Jisoo,"$2,823",0,1,0,0
1463,Sof,"$2,815",1,0,1,0
1464,Pun1sher,"$2,810",0,4,1,0
1465,ForellenLord,"$2,801",0,0,1,0
1466,Husky,"$2,800",0,1,0,0
1467,Yupps,"$2,765",0,0,0,0
1468,t4nky,"$2,756",0,0,2,0
1469,NUCLEARINT,"$2,745",0,1,2,0
1470,Fresskowy,"$2,728",0,2,0,0
1471,GoldenTo4st,"$2,724",1,1,0,0
1472,LeChase,"$2,719",2,2,0,0
1473,AcceZ,"$2,712",0,0,0,0
1474,Evrot,"$2,703",0,1,0,0
1475,KiWiKiD,"$2,700",0,0,0,0
1476,Minji,"$2,700",0,0,0,0
1477,K2,"$2,700",0,0,0,0
1478,BroCColi,"$2,700",0,0,1,0
1479,Azhi,"$2,700",0,0,0,0
1480,Hinn,"$2,692",0,0,1,0
1481,Hanor,"$2,676",0,0,0,0
1482,Mong,"$2,668",0,0,0,0
1483,Erasus,"$2,659",1,0,0,0
1484,Proud,"$2,649",0,0,0,0
1485,Phoenix,"$2,649",3,0,1,0
1486,Griffon,"$2,645",0,1,0,0
1487,Seb,"$2,639",0,0,0,0
1488,Kuroko,"$2,609",0,0,0,0
1489,Blaze,"$2,600",0,1,0,0
1490,Blacky,"$2,599",1,0,0,0
1491,APA,"$2,592",0,3,2,0
1492,Only,"$2,581",2,3,2,1
1493,Truklax,"$2,579",2,4,0,0
1494,Fomko,"$2,569",0,0,1,0
1495,Tide,"$2,563",6,2,0,0
1496,AnOnPsyCkO,"$2,556",1,0,0,0
1497,Kenapil,"$2,548",0,4,3,0
1498,KazeTAR,"$2,534",2,1,1,0
1499,Gear,"$2,527",0,0,0,0
1500,Kuri,"$2,526",0,0,0,0
1501,APA,"$1,442",0,2,1,0
1502,Fallen,"$1,438",2,0,0,0
1503,DahVys,"$1,436",1,0,0,0
1504,Igloo,"$1,435",0,1,0,0
1505,Librid,"$1,431",2,0,0,0
1505,Rawbin,"$1,431",3,1,1,0
1507,GoldenTo4st,"$1,422",0,1,0,0
1508,Orre,"$1,417",1,1,0,0
1509,WildPanda,"$1,414",0,2,0,0
1509,Octomalus,"$1,414",1,1,0,0
1511,St1ng,"$1,412",0,0,1,0
1512,Dinka,"$1,410",1,0,1,0
1513,Gimliques,"$1,409",0,0,0,0
1514,Paladin,"$1,402",0,0,1,0
1515,Gear,"$1,400",0,0,0,0
1515,Yursan,"$1,400",0,0,1,0
1515,GodKwai,"$1,400",1,0,0,0
1515,JimieN,"$1,400",0,0,0,0
1519,JeppeHou,"$1,384",1,3,0,0
1520,WooFe,"$1,375",0,2,1,0
1521,Aesenar,"$1,368",0,1,0,0
1521,Flakked,"$1,368",0,0,0,0
1523,Findus,"$1,363",0,1,1,0
1524,Dred,"$1,362",1,1,3,0
1525,Snuggli,"$1,337",0,0,1,0
1526,Tyrin,"$1,322",0,0,1,0
1527,Shaoran,"$1,304",0,0,0,0
1527,Chibs,"$1,304",0,3,6,0
1529,Mersa,"$1,302",1,0,0,0
1530,HaRleLuYaR,"$1,300",0,0,0,0
1530,Knighter,"$1,300",1,0,0,0
1530,Do1u1u,"$1,300",0,0,0,0
1533,ZombieKungen,"$1,292",1,0,0,0
1534,KRP,"$1,289",0,1,1,0
1535,Froggy,"$1,286",0,0,0,0
1536,Speedy,"$1,264",0,2,0,0
1537,Lotus,"$1,263",1,0,0,0
1538,Bean,"$1,258",1,0,1,0
1539,Frappii,"$1,252",0,3,0,0
1539,Wylenz,"$1,252",0,6,0,0
1541,Robba,"$1,248",0,2,1,0
1542,Eign,"$1,247",2,0,0,0
1542,Peach,"$1,247",2,0,0,0
1544,Wolf,"$1,236",1,2,0,0
1545,Bushy,"$1,235",2,0,0,0
1546,PiOk,"$1,230",1,2,0,0
1547,Rocklho,"$1,229",1,1,0,0
1548,Meager,"$1,225",0,1,1,0
1549,Vizility,"$1,217",0,1,0,0
1550,Bobo,"$1,215",0,0,1,0
1551,Rx Dye,"$1,201",0,1,1,0
1552,Kobe,"$1,200",1,0,0,0
1552,Lesmart,"$1,200",2,0,0,0
1552,EquivocaL,"$1,200",0,0,0,0
1552,BarneyD,"$1,200",0,0,1,0
1556,Xyraz,"$1,198",1,1,1,0
1556,D4nKa,"$1,198",0,0,0,0
1558,ottovaG,"$1,190",4,0,1,0
1559,Canee,"$1,189",0,0,0,0
1560,Warden,"$1,184",0,0,1,0
1561,Kanji,"$1,183",0,0,2,0
1562,Click,"$1,182",2,1,0,0
1563,Silas,"$1,160",0,1,1,0
1564,Jaunatis,"$1,158",1,1,0,0
1565,JeongHoon,"$1,157",0,0,0,0
1565,Slugger,"$1,157",0,0,0,0
1565,Shark,"$1,157",0,0,0,0
1568,H4cker,"$1,151",0,0,1,0
1569,Kind,"$1,150",1,0,1,0
1570,Stratospanda,"$1,146",1,1,0,0
1571,Mewkyo,"$1,143",0,0,0,0
1572,Fittle,"$1,141",0,1,0,0
1573,Shiro,"$1,120",1,1,0,0
1573,Mist,"$1,120",1,1,0,0
1573,Tomio,"$1,120",1,2,0,0
1573,Srtty,"$1,120",1,1,0,0
1573,Aspect,"$1,120",1,1,0,0
1578,Spontexx,"$1,119",1,0,0,0
1579,Saitam,"$1,118",0,0,2,0
1580,KOOLBERG,"$1,117",0,2,1,0
1581,Zelt,"$1,115",3,1,0,0
1582,AndyBendy,"$1,110",0,1,3,0
1583,Zappy,"$1,100",0,0,1,0
1584,Endz,"$1,099",4,1,1,0
1585,Comet,"$1,081",0,0,0,0
1585,Fax,"$1,081",0,1,0,0
1587,Lingwi,"$1,072",0,1,0,0
1588,Prelude,"$1,067",0,0,1,0
1589,Diplex,"$1,063",1,0,0,0
1590,Dedrayon,"$1,060",0,0,0,0
1591,Malice,"$1,052",0,0,0,0
1592,Unforgiven,"$1,046",0,0,1,0
1592,Hoglet,"$1,046",0,1,1,0
1592,Symphony,"$1,046",0,0,0,0
1595,Eden Fox,"$1,019",0,1,1,0
1596,Last,"$1,016",0,0,0,0
1596,Mask,"$1,016",0,0,0,0
1598,Juves,"$1,014",0,0,2,0
1599,Young,"$1,010",0,0,2,0
1600,Freshx,"$1,000",2,0,0,0
1600,Aquasonic,"$1,000",4,0,0,0
1600,Charca,"$1,000",1,1,0,0
1600,Midbeast,"$1,000",0,1,0,0
1600,TopLop,"$1,000",2,0,0,0
1605,KemKen,$989,1,0,0,0
1606,Creon,$986,0,0,2,0
1607,Jun,$981,1,0,0,0
1608,Meleks,$980,0,0,1,0
1609,I am Kees,$936,1,0,1,0
1610,Homi,$932,0,3,0,0
1611,StormFury,$920,0,0,0,0
1612,Taeyoon,$910,1,0,0,0
1613,Naxxy,$905,0,3,1,0
1614,Delight,$901,1,0,0,0
1615,Catjug,$900,0,0,0,0
1615,Instinct,$900,0,0,0,0
1615,Tony Top,$900,0,1,0,0
1618,Phantomles,$894,3,0,0,0
1619,KonDziSan,$890,0,1,1,0
1620,Enty,$884,1,3,6,1
1621,Ploxy,$882,3,2,0,0
1622,Raizins,$871,0,1,1,0
1623,Bardo,$867,0,0,2,0
1624,Lewus,$866,0,0,0,0
1625,Aomine,$861,0,0,0,0
1626,Cao,$860,0,0,1,0
1627,Cacon,$858,0,0,0,0
1628,Glory,$857,0,0,0,0
1628,Draktharr,$857,0,0,0,0
1628,Vahvel,$857,0,0,0,0
1628,Elio,$857,0,0,0,0
1632,Oner,$856,2,2,0,0
1633,Raven,$852,0,0,1,0
1634,Helper,$848,0,0,0,0
1634,KongMing,$848,1,2,0,0
1636,Dragflick,$844,0,1,1,0
1637,Fl4mer,$835,3,0,0,0
1638,Cody,$833,1,0,1,0
1638,Xypherz,$833,0,0,0,0
1640,DarkSide,$816,0,1,0,0
1641,Tibor,$808,2,0,0,0
1642,Barrage,$807,1,1,1,0
1642,Dawidsonek,$807,0,0,0,0
1644,Meron,$804,2,3,0,0
1644,SimSin,$804,1,0,0,0
1644,A M U S E 4,$804,1,1,0,0
1647,RoseThorn,$800,1,0,1,0
1647,Jukes,$800,0,0,0,0
1647,Yusui,$800,0,0,0,0
1647,Johnsun,$800,0,0,0,0
1647,Rex,$800,0,0,0,0
1647,Gariaru,$800,0,1,2,0
1647,apaMEN,$800,1,3,5,1
1647,Jenkins,$800,1,0,0,0
1655,Metalx,$799,0,0,1,0
1656,Valhalla,$779,0,0,0,0
1657,Pak,$773,0,2,0,0
1657,Jakamaka,$773,0,0,0,0
1659,Luger,$762,1,2,1,0
1659,Hioss,$762,0,1,0,0
1661,Rein,$759,0,0,0,0
1662,BB Muffin,$757,1,0,0,0
1663,ItzRenifer,$746,0,0,0,0
1664,Dany,$720,0,1,0,0
1665,Governor,$717,0,1,1,0
1666,Shmebulock,$711,0,0,0,0
1667,Advienne,$709,0,0,0,0
1668,Sly,$702,0,1,0,0
1668,Chalice7,$702,0,1,0,0
1668,Meng,$702,0,1,0,0
1668,Mish,$702,0,1,0,0
1668,Pain,$702,0,1,0,0
1673,Mirbs,$701,1,0,1,0
1674,Consequent,$694,1,2,1,0
1675,Gorica,$692,0,1,1,0
1676,BeBopBulli,$689,0,1,0,0
1677,Enga,$680,2,1,0,0
1678,ChangeName,$677,0,1,0,0
1678,Yusin,$677,0,0,0,0
1680,Psclly,$674,0,1,2,0
1681,Miracle,$672,0,0,0,0
1681,Soul,$672,0,0,0,0
1681,Argonavt,$672,0,0,0,0
1681,MyKey,$672,0,0,0,0
1681,Laynel,$672,0,1,0,0
1686,FeeNiixZ,$659,0,1,0,0
1687,Woong,$652,0,1,0,0
1688,Gricek,$648,0,0,0,0
1689,Boal,$647,0,0,0,0
1690,Mayhem,$644,0,1,0,0
1691,Style,$643,0,0,0,0
1692,Trap,$640,0,0,0,0
1693,Korpse,$639,1,0,0,0
1693,Rare,$639,1,0,0,0
1695,DnDn,$617,0,1,1,0
1695,Sylvie,$617,0,1,1,0
1695,vvarion,$617,0,0,0,0
1695,FIESTA,$617,0,1,1,0
1699,Speedo,$610,0,0,0,0
1700,YourRiver,$600,0,0,0,0
1700,WeiLun,$600,0,0,0,0
1700,chen9,$600,0,1,0,0
1700,Kusuo,$600,0,0,0,0
1700,Bush,$600,0,0,0,0
1705,Straight,$584,0,1,0,0
1706,Kanna,$582,1,0,0,0
1707,Ardes,$568,0,1,0,0
1708,Crazycaps,$558,0,0,0,0
1709,Bull,$546,0,1,0,0
1710,Vayu,$542,1,0,0,0
1711,Crowno,$541,0,0,0,0
1712,Barcode,$538,0,0,0,0
1713,BetongJocke,$535,0,0,0,0
1714,Dasher,$534,0,1,0,0
1714,OdduGi,$534,0,0,0,0
1714,Muru,$534,1,0,0,0
1714,Howling,$534,1,0,0,0
1714,TolanD,$534,1,0,0,0
1719,Bendix,$530,0,1,1,0
1720,DarkWings,$528,0,0,1,0
1721,Zwyroo,$522,0,0,2,0
1722,Safir,$521,0,0,0,0
1723,Focus,$510,1,0,0,0
1723,Wixxi,$510,0,0,0,0
1723,gyuvee,$510,2,0,0,0
1726,Harp,$508,0,0,0,0
1726,Jool,$508,0,0,0,0
1726,Bini,$508,0,0,0,0
1729,Bartiono,$507,0,0,0,0
1730,Roamer,$506,1,2,0,0
1731,Zeypher,$500,0,4,0,0
1731,BeNw,$500,0,0,0,0
1731,Betsy,$500,0,0,0,0
1734,Qwacker,$485,1,1,0,0
1735,Skeeto,$480,2,1,1,0
1736,ThintoN,$471,0,0,3,0
1737,PFI,$463,0,1,1,0
1738,POILK,$453,0,1,0,0
1738,Shine,$453,1,0,0,0
1738,Denzel,$453,0,1,0,0
1741,Fizzi,$450,0,0,0,0
1742,Dipzey,$448,0,2,0,0
1743,Kiao,$446,3,2,1,0
1743,Rowelly,$446,3,2,1,0
1745,SunSieu,$440,0,0,0,0
1746,MeLikePanda,$430,0,1,1,0
1747,Nasser,$421,0,1,1,0
1748,Nomi,$420,0,2,0,0
1749,Jonsonny,$416,0,2,1,0
1750,CptShrimps,$410,0,0,2,0
1751,Witsyy,$409,0,1,0,0
1751,Stanniez,$409,0,1,0,0
1751,Mafab,$409,0,1,0,0
1751,AlphaCloud,$409,0,1,0,0
1755,LagsAlot,$402,0,0,0,0
1755,Beenie,$402,0,0,0,0
1757,Raheen,$400,0,0,1,0
1757,Dodo,$400,0,0,0,0
1757,Rhino,$400,0,0,1,0
1757,RBM,$400,0,0,1,0
1757,Maplestreet,$400,0,0,0,0
1757,Phantoml0rd,$400,0,0,0,0
1763,Lakinther,$397,1,0,0,0
1764,Alexx,$395,1,0,0,0
1765,Seb,$389,0,0,0,0
1766,Recap,$387,0,0,0,0
1766,Haretti,$387,1,1,2,1
1766,alleycat,$387,0,0,1,0
1769,Spawn,$380,0,0,0,0
1769,Busio,$380,0,0,0,0
1771,Cathrine,$369,1,1,0,0
1772,YamatoCannon,$360,0,0,0,0
1773,Eragon,$359,0,0,0,0
1774,Blaise,$357,0,0,0,0
1775,Kamil,$352,0,2,0,0
1776,Fisher,$350,1,0,0,0
1776,Zeus,$350,1,1,0,0
1776,AMOUR FAYA,$350,0,0,0,0
1779,Athyz,$340,1,0,0,0
1780,Hachiman,$332,0,0,0,0
1781,Adam,$325,1,0,2,0
1781,Naruterador,$325,0,1,0,0
1783,Panda,$320,1,0,0,0
1784,Luana,$319,0,3,0,0
1785,cowTard,$313,0,1,0,0
1786,FlashInTheNight,$295,0,0,0,0
1787,Hidan,$283,0,0,0,0
1788,Travanques,$275,0,1,3,0
1789,Haze,$269,0,1,0,0
1790,ToongE,$267,0,1,0,0
1791,Burry,$264,0,1,0,0
1791,MapSSi,$264,0,1,0,0
1791,BAeKHo,$264,0,1,0,0
1794,Ksaez,$254,0,0,1,0
1795,Dracxar,$250,0,1,0,0
1795,Sheepy,$250,0,0,0,0
1795,Zzanggu,$250,0,1,0,0
1795,Belgianbeast,$250,0,0,0,0
1795,Merit,$250,0,1,0,0
1795,Gaaloul,$250,0,0,0,0
1801,Meaning,$248,0,1,0,0
1802,KuMaMoTo,$233,0,0,0,0
1803,Nigelf,$232,0,0,0,0
1804,Moo,$230,0,0,0,0
1805,Azra,$222,1,0,0,0
1805,Blacky,$222,0,0,0,0
1807,RotteBengi,$218,0,0,1,0
1807,Carlsen,$218,0,0,1,0
1807,Rylle,$218,0,0,1,0
1807,Mixsi,$218,0,0,1,0
1811,Imbi,$205,0,0,0,0
1812,Swordd,$200,0,0,0,0
1812,Gralou,$200,0,2,0,0
1812,Akabuff,$200,0,0,0,0
1815,Lunar,$195,0,0,0,0
1816,Froststrike,$180,0,1,0,0
1816,Follow,$180,2,0,0,0
1818,Madly,$179,0,1,1,0
1819,BuLLDoG,$177,0,1,0,0
1820,Zerost,$168,1,2,1,0
1820,Awaker,$168,0,1,1,0
1820,Jinsh,$168,0,0,1,0
1823,HW4NG,$161,0,1,0,0
1824,Ruvelius,$160,1,0,1,0
1825,Boukada,$149,0,0,1,0
1826,Crit Hero,$136,0,0,0,0
1826,Jhinsane,$136,0,0,0,0
1826,Soulah,$136,0,0,0,0
1829,Arrietty,$130,1,0,0,0
1829,Bean J,$130,1,0,0,0
1829,Reversed,$130,0,0,0,0
1829,Taki,$130,1,0,0,0
1833,breezyyy,$128,0,0,0,0
1834,Crocomux,$119,0,0,0,0
1835,CyraXx,$118,0,0,0,0
1835,Praevius,$118,0,0,1,0
1835,Mercenary,$118,0,0,0,0
1835,Jenxas,$118,0,0,0,0
1839,Skain,$116,0,0,0,0
1840,Axecitement,$114,0,0,1,0
1840,BoffeN,$114,0,1,0,0
1842,Exyu,$100,0,0,0,0
1842,Zaphyr,$100,0,1,0,0
1844,Cozy,$80,0,0,0,0
1845,HongA,$71,0,0,1,0
1845,Blessing,$71,0,0,1,0
1847,Veignorem,$68,1,0,0,0
1847,sLiM5h4dY,$68,0,1,0,0
1849,TheKat,$54,0,0,0,0
1849,Saizo,$54,0,0,0,0
1851,Unlimited,$46,0,0,0,0
1852,Pjush,$45,1,0,0,0
1852,Ravea,$45,1,0,0,0
1852,Naelynn,$45,1,0,0,0
2001,CptShrimps,$410,0,1,2,0
2002,LagsAlot,$401,0,0,0,0
2003,Maplestreet,$400,0,0,0,0
2003,Phantoml0rd,$400,0,0,0,0
2003,Xeno,$400,0,0,0,0
2003,Zihan,$400,0,0,0,0
2003,Kiy1n9,$400,0,0,0,0
2003,Dodo,$400,0,0,0,0
2003,TeamLuke,$400,0,0,0,0
2003,Cresho,$400,0,0,0,0
2011,Lakinther,$399,1,0,0,0
2012,Rhobalas,$398,1,0,0,0
2013,Jhinsane,$397,0,0,0,0
2014,Alexx,$392,1,0,0,0
2014,Noma,$392,1,2,2,0
2016,Recap,$387,0,0,1,0
2016,alleycat,$387,0,0,1,0
2016,Haretti,$387,1,1,2,1
2019,Rylle,$383,0,0,1,0
2019,Mixsi,$383,0,0,1,0
2019,Carlsen,$383,0,0,1,0
2022,Busio,$380,0,0,1,0
2022,Spawn,$380,0,0,0,0
2024,Cathrine,$369,1,1,0,0
2025,YamatoCannon,$360,0,0,0,0
2026,Blaise,$357,0,0,0,0
2027,Reversed,$355,0,0,0,0
2028,Kamil,$351,0,2,0,0
2028,AMOUR FAYA,$351,0,0,0,0
2030,Fisher,$350,1,0,0,0
2031,Athyz,$340,1,0,0,0
2031,Philip,$340,0,0,0,0
2033,Poppy,$339,0,0,0,0
2034,Hachiman,$333,0,0,0,0
2035,Luana,$325,0,3,0,0
2036,Naruterador,$324,0,1,0,0
2037,Goot,$321,0,1,0,0
2037,Kick,$321,0,1,0,0
2037,Betao,$321,0,1,0,0
2040,cowTard,$314,0,1,0,0
2041,Gralou,$310,0,2,0,0
2042,FlashInTheNight,$301,0,0,0,0
2043,Sky0,$283,0,2,0,0
2044,Travanques,$275,0,1,3,0
2045,Haze,$269,0,1,0,0
2046,ToongE,$267,0,1,0,0
2047,BAeKHo,$264,0,1,0,0
2047,Burry,$264,0,1,0,0
2047,MapSSi,$264,0,1,0,0
2050,Aithusa,$254,1,0,0,0
2050,Ksaez,$254,0,0,1,0
2052,Dracxar,$251,0,1,0,0
2052,Zzanggu,$251,0,1,0,0
2052,Merit,$251,0,1,0,0
2055,Gaaloul,$250,0,0,0,0
2055,Sheepy,$250,0,0,0,0
2055,Belgianbeast,$250,0,0,0,0
2058,Meaning,$248,0,1,0,0
2059,Divider,$238,0,1,0,0
2060,Silk,$234,0,0,0,0
2061,KuMaMoTo,$232,0,0,0,0
2062,Nigelf,$231,0,0,0,0
2063,Moo,$230,0,0,0,0
2064,Azra,$222,1,0,0,0
2065,RotteBengi,$217,0,0,1,0
2066,Neephesto,$214,0,0,0,0
2067,Imbi,$206,0,0,0,0
2068,Akabuff,$200,0,0,0,0
2069,Hugato,$191,0,0,0,0
2070,cogcog,$184,0,2,0,0
2070,Rainbrain,$184,0,1,0,0
2072,BuLLDoG,$178,0,1,0,0
2072,WaenA,$178,0,2,1,0
2072,Madly,$178,1,1,1,0
2075,Jinsh,$168,0,0,1,0
2075,Zerost,$168,1,2,1,0
2075,Awaker,$168,0,1,1,0
2078,MGX,$162,0,0,1,0
2079,HW4NG,$161,0,1,0,0
2080,Eclipse,$160,0,0,0,0
2081,Hyper,$150,0,0,1,0
2081,Boukada,$150,0,0,1,0
2083,Soulah,$137,0,0,0,0
2083,Crit Hero,$137,0,0,0,0
2085,Ino1,$128,0,0,0,0
2085,breezyyy,$128,0,1,0,0
2087,Brance,$125,1,0,0,0
2087,Disamis,$125,0,0,0,0
2087,Ravenzin,$125,0,0,0,0
2087,Vitin,$125,0,0,0,0
2087,Cavalo,$125,0,0,0,0
2092,Crocomux,$118,0,0,0,0
2092,Praevius,$118,0,1,1,0
2094,Nixerino,$116,0,0,0,0
2094,Skain,$116,0,0,0,0
2096,BoffeN,$114,0,1,0,0
2096,Axecitement,$114,0,0,1,0
2098,Infinity,$112,1,0,0,0
2099,Eric,$109,0,0,0,0
2100,Exyu,$100,0,1,0,0
2101,Cozy,$80,0,0,0,0
2102,Stankie,$71,0,0,0,0
2102,griff,$71,0,0,0,0
2102,HongA,$71,0,0,1,0
2102,Titeito,$71,0,0,0,0
2102,Blessing,$71,0,0,1,0
2107,sLiM5h4dY,$68,0,1,0,0
2108,Saizo,$54,0,0,0,0
2108,TheKat,$54,0,0,0,0
2110,Ravea,$46,1,0,0,0
2110,Unlimited,$46,0,0,0,0
2110,Naelynn,$46,1,0,0,0
2110,Pjush,$46,1,0,0,0
2114,Taara,$36,0,0,0,0
2114,Small,$36,0,0,0,0
2114,Lawi,$36,0,0,0,0
2114,Yatsu,$36,0,0,0,0
